5,3.68176,1.94E-33,0.000161,0.76,0.0865,0.116,4.43446E-05
3,3.681786,1.69E-31,0.000161,0.76,0.0867,0.116,0.003947
3,3.685957,3.68E-33,0.000161,0.76,0.0867,0.116,0.003947
3,3.691479,3.69E-33,0.000161,0.76,0.0867,0.116,0.003947
4,3.786051,1.03E-33,0.000162,0.76,0.0871,0.116,0.000733989
4,3.786069,1.59E-33,0.000162,0.76,0.0871,0.116,0.000733989
4,3.786069,5.99E-33,0.000162,0.76,0.0871,0.116,0.000733989
4,3.78607,7.70E-33,0.000162,0.76,0.0871,0.116,0.000733989
4,3.786071,4.66E-33,0.000162,0.76,0.0871,0.116,0.000733989
4,3.786072,9.80E-33,0.000162,0.76,0.0871,0.116,0.000733989
4,3.786073,1.23E-32,0.000162,0.76,0.0871,0.116,0.000733989
4,3.786073,1.52E-32,0.000162,0.76,0.0871,0.116,0.000733989
4,3.786076,6.93E-35,0.000162,0.76,0.0871,0.116,0.000733989
4,3.786079,1.75E-33,0.000162,0.76,0.0871,0.116,0.000733989
4,3.786083,1.55E-33,0.000162,0.76,0.0871,0.116,0.000733989
4,3.786084,9.98E-34,0.000162,0.76,0.0871,0.116,0.000733989
4,3.786092,8.47E-35,0.000162,0.76,0.0871,0.116,0.000733989
4,3.786098,6.05E-35,0.000162,0.76,0.0871,0.116,0.000733989
5,4.418079,3.28E-33,0.000175,0.75,0.0857,0.114,4.43446E-05
3,4.418113,2.85E-31,0.000175,0.75,0.0859,0.114,0.003947
3,4.423116,6.28E-33,0.000175,0.75,0.0859,0.114,0.003947
3,4.429742,6.30E-33,0.000175,0.75,0.0859,0.114,0.003947
4,4.543232,1.21E-33,0.000176,0.75,0.0862,0.115,0.000733989
4,4.543249,1.90E-33,0.000176,0.75,0.0862,0.115,0.000733989
4,4.543251,1.17E-32,0.000176,0.75,0.0862,0.115,0.000733989
4,4.543252,1.42E-32,0.000176,0.75,0.0862,0.115,0.000733989
4,4.543252,9.67E-33,0.000176,0.75,0.0862,0.115,0.000733989
4,4.543253,1.72E-32,0.000176,0.75,0.0862,0.115,0.000733989
4,4.543254,2.06E-32,0.000176,0.75,0.0862,0.115,0.000733989
4,4.543254,2.46E-32,0.000176,0.75,0.0862,0.115,0.000733989
4,4.543259,2.11E-33,0.000176,0.75,0.0862,0.115,0.000733989
4,4.543265,1.87E-33,0.000176,0.75,0.0862,0.115,0.000733989
4,4.543267,1.19E-33,0.000176,0.75,0.0862,0.115,0.000733989
5,5.154383,5.07E-33,0.000179,0.74,0.0847,0.113,4.43446E-05
3,5.154421,4.41E-31,0.00018,0.74,0.0849,0.113,0.003947
3,5.160259,9.76E-33,0.00018,0.74,0.0849,0.113,0.003947
3,5.167988,9.78E-33,0.00018,0.74,0.0849,0.113,0.003947
4,5.300395,1.39E-33,0.000181,0.74,0.0853,0.114,0.000733989
4,5.300411,2.18E-33,0.000181,0.74,0.0853,0.114,0.000733989
4,5.300415,1.69E-32,0.000181,0.74,0.0853,0.114,0.000733989
4,5.300415,1.98E-32,0.000181,0.74,0.0853,0.114,0.000733989
4,5.300415,2.32E-32,0.000181,0.74,0.0853,0.114,0.000733989
4,5.300416,2.71E-32,0.000181,0.74,0.0853,0.114,0.000733989
4,5.300416,3.67E-32,0.000181,0.74,0.0853,0.114,0.000733989
4,5.300417,3.16E-32,0.000181,0.74,0.0853,0.114,0.000733989
4,5.300421,2.44E-33,0.000181,0.74,0.0853,0.114,0.000733989
4,5.300428,2.16E-33,0.000181,0.74,0.0853,0.114,0.000733989
4,5.300431,1.37E-33,0.000181,0.74,0.0853,0.114,0.000733989
3,5.889665,1.20E-33,0.000171,0.73,0.0839,0.111,0.003947
5,5.890667,7.32E-33,0.000171,0.73,0.0837,0.111,4.43446E-05
3,5.89071,6.37E-31,0.000171,0.73,0.0839,0.111,0.003947
3,5.897381,1.42E-32,0.000171,0.73,0.0839,0.111,0.003947
3,5.906215,1.42E-32,0.000171,0.73,0.0839,0.111,0.003947
4,6.057537,1.55E-33,0.000172,0.73,0.0842,0.112,0.000733989
4,6.057552,2.44E-33,0.000172,0.73,0.0842,0.112,0.000733989
4,6.057557,2.66E-32,0.000172,0.73,0.0842,0.112,0.000733989
4,6.057557,3.04E-32,0.000172,0.73,0.0842,0.112,0.000733989
4,6.057557,3.48E-32,0.000172,0.73,0.0842,0.112,0.000733989
4,6.057558,3.98E-32,0.000172,0.73,0.0842,0.112,0.000733989
4,6.057558,4.54E-32,0.000172,0.73,0.0842,0.112,0.000733989
4,6.057558,5.17E-32,0.000172,0.73,0.0842,0.112,0.000733989
4,6.057562,2.73E-33,0.000172,0.73,0.0842,0.112,0.000733989
4,6.057569,2.43E-33,0.000172,0.73,0.0842,0.112,0.000733989
4,6.057573,1.54E-33,0.000172,0.73,0.0842,0.112,0.000733989
3,6.625788,1.67E-33,0.000148,0.71,0.0827,0.11,0.003947
5,6.626927,1.01E-32,0.000148,0.71,0.0826,0.11,4.43446E-05
3,6.626976,8.74E-31,0.000148,0.71,0.0827,0.11,0.003947
3,6.634479,1.95E-32,0.000148,0.71,0.0827,0.11,0.003947
3,6.644417,1.95E-32,0.000148,0.71,0.0827,0.11,0.003947
4,6.814654,1.69E-33,0.000149,0.71,0.0831,0.111,0.000733989
4,6.814668,2.68E-33,0.000149,0.71,0.0831,0.111,0.000733989
4,6.814674,3.89E-32,0.000149,0.71,0.0831,0.111,0.000733989
4,6.814674,4.37E-32,0.000149,0.71,0.0831,0.111,0.000733989
4,6.814674,4.92E-32,0.000149,0.71,0.0831,0.111,0.000733989
4,6.814675,5.53E-32,0.000149,0.71,0.0831,0.111,0.000733989
4,6.814675,6.21E-32,0.000149,0.71,0.0831,0.111,0.000733989
4,6.814675,6.96E-32,0.000149,0.71,0.0831,0.111,0.000733989
4,6.814679,3.00E-33,0.000149,0.71,0.0831,0.111,0.000733989
4,6.814686,2.66E-33,0.000149,0.71,0.0831,0.111,0.000733989
4,6.814691,1.68E-33,0.000149,0.71,0.0831,0.111,0.000733989
4,6.82221,1.07E-33,0.000149,0.71,0.0829,0.11,0.000733989
4,6.832683,1.07E-33,0.000149,0.71,0.0829,0.11,0.000733989
3,7.361884,2.23E-33,0.000136,0.7,0.0816,0.109,0.003947
5,7.363162,1.32E-32,0.000135,0.7,0.0815,0.108,4.43446E-05
3,7.363217,1.15E-30,0.000136,0.7,0.0816,0.109,0.003947
3,7.371553,2.56E-32,0.000136,0.7,0.0816,0.109,0.003947
3,7.382593,2.57E-32,0.000136,0.7,0.0816,0.109,0.003947
4,7.571744,1.81E-33,0.000136,0.7,0.082,0.109,0.000733989
4,7.571758,2.88E-33,0.000136,0.7,0.082,0.109,0.000733989
4,7.571764,5.96E-32,0.000136,0.7,0.082,0.109,0.000733989
4,7.571764,6.63E-32,0.000136,0.7,0.082,0.109,0.000733989
4,7.571765,5.38E-32,0.000136,0.7,0.082,0.109,0.000733989
4,7.571765,7.36E-32,0.000136,0.7,0.082,0.109,0.000733989
4,7.571765,8.16E-32,0.000136,0.7,0.082,0.109,0.000733989
4,7.571765,9.04E-32,0.000136,0.7,0.082,0.109,0.000733989
4,7.571769,3.23E-33,0.000136,0.7,0.082,0.109,0.000733989
4,7.571776,2.87E-33,0.000136,0.7,0.082,0.109,0.000733989
4,7.571781,1.81E-33,0.000136,0.7,0.082,0.109,0.000733989
4,7.580137,1.41E-33,0.000136,0.7,0.0818,0.109,0.000733989
4,7.591774,1.41E-33,0.000136,0.7,0.0818,0.109,0.000733989
3,8.097945,2.89E-33,0.000123,0.7,0.0805,0.107,0.003947
5,8.099369,1.68E-32,0.000123,0.7,0.0803,0.107,4.43446E-05
3,8.099428,1.47E-30,0.000123,0.7,0.0805,0.107,0.003947
3,8.106729,1.00E-33,0.000123,0.7,0.0805,0.107,0.003947
3,8.108596,3.26E-32,0.000123,0.7,0.0805,0.107,0.003947
3,8.120741,3.27E-32,0.000123,0.7,0.0805,0.107,0.003947
4,8.328804,1.92E-33,0.000123,0.7,0.0809,0.108,0.000733989
4,8.328817,3.05E-33,0.000123,0.7,0.0809,0.108,0.000733989
4,8.328824,7.12E-32,0.000123,0.7,0.0809,0.108,0.000733989
4,8.328824,7.82E-32,0.000123,0.7,0.0809,0.108,0.000733989
4,8.328824,8.59E-32,0.000123,0.7,0.0809,0.108,0.000733989
4,8.328825,1.04E-31,0.000123,0.7,0.0809,0.108,0.000733989
4,8.328825,1.14E-31,0.000123,0.7,0.0809,0.108,0.000733989
4,8.328825,9.44E-32,0.000123,0.7,0.0809,0.108,0.000733989
4,8.328828,3.43E-33,0.000123,0.7,0.0809,0.108,0.000733989
4,8.328836,3.05E-33,0.000123,0.7,0.0809,0.108,0.000733989
4,8.328841,1.92E-33,0.000123,0.7,0.0809,0.108,0.000733989
4,8.338033,1.79E-33,0.000123,0.7,0.0807,0.108,0.000733989
4,8.350832,1.79E-33,0.000123,0.7,0.0807,0.108,0.000733989
3,8.833972,3.64E-33,0.000126,0.69,0.0794,0.106,0.003947
5,8.835544,2.08E-32,0.000126,0.69,0.0793,0.106,4.43446E-05
3,8.835609,1.81E-30,0.000126,0.69,0.0794,0.106,0.003947
3,8.843592,1.26E-33,0.000126,0.69,0.0794,0.106,0.003947
3,8.845608,4.02E-32,0.000126,0.69,0.0794,0.106,0.003947
3,8.858857,4.03E-32,0.000126,0.69,0.0794,0.106,0.003947
4,9.08583,2.01E-33,0.000127,0.69,0.0798,0.107,0.000733989
4,9.085843,3.20E-33,0.000127,0.69,0.0798,0.107,0.000733989
4,9.08585,9.91E-32,0.000127,0.69,0.0798,0.107,0.000733989
4,9.085851,1.08E-31,0.000127,0.69,0.0798,0.107,0.000733989
4,9.085851,1.18E-31,0.000127,0.69,0.0798,0.107,0.000733989
4,9.085851,1.28E-31,0.000127,0.69,0.0798,0.107,0.000733989
4,9.085851,1.40E-31,0.000127,0.69,0.0798,0.107,0.000733989
4,9.085851,9.10E-32,0.000127,0.69,0.0798,0.107,0.000733989
4,9.085854,3.59E-33,0.000127,0.69,0.0798,0.107,0.000733989
4,9.085862,3.20E-33,0.000127,0.69,0.0798,0.107,0.000733989
4,9.085868,2.01E-33,0.000127,0.69,0.0798,0.107,0.000733989
6,9.086146,1.16E-33,0.000126,0.69,0.0794,0.106,8.24623E-06
4,9.095895,2.20E-33,0.000127,0.69,0.0796,0.107,0.000733989
4,9.109857,2.21E-33,0.000127,0.69,0.0796,0.107,0.000733989
3,9.496416,1.13E-33,0.000158,0.69,0.0784,0.105,0.003947
3,9.569958,4.47E-33,0.000158,0.69,0.0784,0.105,0.003947
5,9.571685,2.51E-32,0.000157,0.69,0.0782,0.105,4.43446E-05
3,9.571756,2.18E-30,0.000158,0.69,0.0784,0.105,0.003947
3,9.580425,1.55E-33,0.000158,0.69,0.0784,0.105,0.003947
3,9.582586,4.84E-32,0.000158,0.69,0.0784,0.105,0.003947
3,9.596937,4.85E-32,0.000158,0.69,0.0784,0.105,0.003947
4,9.84282,2.08E-33,0.000158,0.69,0.0787,0.106,0.000733989
4,9.842833,3.32E-33,0.000158,0.69,0.0787,0.106,0.000733989
4,9.84284,1.13E-31,0.000158,0.69,0.0787,0.106,0.000733989
4,9.84284,1.22E-31,0.000158,0.69,0.0787,0.106,0.000733989
4,9.84284,1.32E-31,0.000158,0.69,0.0787,0.106,0.000733989
4,9.842841,1.43E-31,0.000158,0.69,0.0787,0.106,0.000733989
4,9.842841,1.55E-31,0.000158,0.69,0.0787,0.106,0.000733989
4,9.842841,1.67E-31,0.000158,0.69,0.0787,0.106,0.000733989
4,9.842844,3.72E-33,0.000158,0.69,0.0787,0.106,0.000733989
4,9.842852,3.31E-33,0.000158,0.69,0.0787,0.106,0.000733989
4,9.842858,2.08E-33,0.000158,0.69,0.0787,0.106,0.000733989
6,9.843161,1.39E-33,0.000158,0.69,0.0784,0.105,8.24623E-06
4,9.853722,2.64E-33,0.000158,0.69,0.0786,0.105,0.000733989
4,9.868845,2.65E-33,0.000158,0.69,0.0786,0.105,0.000733989
3,10.22673,1.35E-33,0.000185,0.69,0.0774,0.104,0.003947
3,10.305903,5.38E-33,0.000185,0.69,0.0774,0.104,0.003947
5,10.307789,2.95E-32,0.000184,0.69,0.0772,0.104,4.43446E-05
3,10.307864,2.58E-30,0.000185,0.69,0.0774,0.104,0.003947
3,10.317226,1.87E-33,0.000185,0.69,0.0774,0.104,0.003947
3,10.319526,5.69E-32,0.000185,0.69,0.0774,0.104,0.003947
3,10.334979,5.71E-32,0.000185,0.69,0.0774,0.104,0.003947
4,10.599771,2.13E-33,0.000185,0.69,0.0777,0.105,0.000733989
4,10.599783,3.40E-33,0.000185,0.69,0.0777,0.105,0.000733989
4,10.599791,1.37E-31,0.000185,0.69,0.0777,0.105,0.000733989
4,10.599791,1.47E-31,0.000185,0.69,0.0777,0.105,0.000733989
4,10.599791,1.58E-31,0.000185,0.69,0.0777,0.105,0.000733989
4,10.599791,1.70E-31,0.000185,0.69,0.0777,0.105,0.000733989
4,10.599791,1.83E-31,0.000185,0.69,0.0777,0.105,0.000733989
4,10.599791,1.97E-31,0.000185,0.69,0.0777,0.105,0.000733989
4,10.599794,3.82E-33,0.000185,0.69,0.0777,0.105,0.000733989
4,10.599802,3.40E-33,0.000185,0.69,0.0777,0.105,0.000733989
4,10.599809,2.13E-33,0.000185,0.69,0.0777,0.105,0.000733989
6,10.600139,1.64E-33,0.000185,0.69,0.0774,0.104,8.24623E-06
4,10.611507,3.10E-33,0.000185,0.69,0.0775,0.104,0.000733989
4,10.627794,3.11E-33,0.000185,0.69,0.0775,0.104,0.000733989
3,10.957005,1.57E-33,0.000198,0.69,0.0763,0.103,0.003947
3,11.0418,6.36E-33,0.000198,0.69,0.0763,0.103,0.003947
5,11.043853,3.41E-32,0.000198,0.69,0.0762,0.103,4.43446E-05
3,11.043935,2.98E-30,0.000198,0.69,0.0763,0.103,0.003947
3,11.053993,2.20E-33,0.000198,0.69,0.0763,0.103,0.003947
3,11.056425,6.56E-32,0.000198,0.69,0.0763,0.103,0.003947
3,11.072982,6.57E-32,0.000198,0.69,0.0763,0.103,0.003947
3,11.085212,1.14E-33,0.000198,0.69,0.0763,0.103,0.003947
3,11.085249,1.14E-33,0.000198,0.69,0.0763,0.103,0.003947
4,11.356679,2.17E-33,0.000199,0.69,0.0767,0.104,0.000733989
4,11.356691,3.46E-33,0.000199,0.69,0.0767,0.104,0.000733989
4,11.356699,1.62E-31,0.000199,0.69,0.0767,0.104,0.000733989
4,11.356699,1.73E-31,0.000199,0.69,0.0767,0.104,0.000733989
4,11.356699,1.86E-31,0.000199,0.69,0.0767,0.104,0.000733989
4,11.356699,1.99E-31,0.000199,0.69,0.0767,0.104,0.000733989
4,11.356699,2.13E-31,0.000199,0.69,0.0767,0.104,0.000733989
4,11.356699,2.27E-31,0.000199,0.69,0.0767,0.104,0.000733989
4,11.356702,3.88E-33,0.000199,0.69,0.0767,0.104,0.000733989
4,11.35671,3.46E-33,0.000199,0.69,0.0767,0.104,0.000733989
4,11.356717,2.17E-33,0.000199,0.69,0.0767,0.104,0.000733989
6,11.357074,1.89E-33,0.000198,0.69,0.0763,0.103,8.24623E-06
4,11.36925,3.57E-33,0.000199,0.69,0.0765,0.103,0.000733989
4,11.386699,3.58E-33,0.000199,0.69,0.0765,0.103,0.000733989
3,11.687237,1.80E-33,0.000207,0.69,0.0753,0.102,0.003947
3,11.77765,7.40E-33,0.000207,0.69,0.0753,0.102,0.003947
5,11.779875,3.87E-32,0.000207,0.69,0.0752,0.102,4.43446E-05
3,11.77996,3.38E-30,0.000207,0.69,0.0753,0.102,0.003947
3,11.790724,2.56E-33,0.000207,0.69,0.0753,0.102,0.003947
3,11.793281,7.42E-32,0.000207,0.69,0.0753,0.102,0.003947
3,11.810941,7.44E-32,0.000207,0.69,0.0753,0.102,0.003947
3,11.823975,1.28E-33,0.000207,0.69,0.0753,0.102,0.003947
3,11.824023,1.28E-33,0.000207,0.69,0.0753,0.102,0.003947
4,12.113541,2.19E-33,0.000208,0.69,0.0757,0.103,0.000733989
4,12.113554,3.49E-33,0.000208,0.69,0.0757,0.103,0.000733989
4,12.113561,1.88E-31,0.000208,0.69,0.0757,0.103,0.000733989
4,12.113561,2.01E-31,0.000208,0.69,0.0757,0.103,0.000733989
4,12.113561,2.14E-31,0.000208,0.69,0.0757,0.103,0.000733989
4,12.113561,2.28E-31,0.000208,0.69,0.0757,0.103,0.000733989
4,12.113562,2.43E-31,0.000208,0.69,0.0757,0.103,0.000733989
4,12.113562,2.58E-31,0.000208,0.69,0.0757,0.103,0.000733989
4,12.113564,3.92E-33,0.000208,0.69,0.0757,0.103,0.000733989
4,12.113572,3.48E-33,0.000208,0.69,0.0757,0.103,0.000733989
4,12.113579,2.18E-33,0.000208,0.69,0.0757,0.103,0.000733989
6,12.113963,2.14E-33,0.000207,0.69,0.0753,0.102,8.24623E-06
4,12.126947,4.03E-33,0.000208,0.69,0.0755,0.102,0.000733989
4,12.145558,4.04E-33,0.000208,0.69,0.0755,0.102,0.000733989
3,12.417424,2.03E-33,0.000189,0.69,0.0744,0.101,0.003947
3,12.513447,8.49E-33,0.000189,0.69,0.0744,0.101,0.003947
5,12.515851,4.33E-32,0.000188,0.69,0.0743,0.101,4.43446E-05
3,12.515942,3.78E-30,0.000189,0.69,0.0744,0.101,0.003947
3,12.527414,2.93E-33,0.000189,0.69,0.0744,0.101,0.003947
5,12.528509,1.03E-33,0.000188,0.69,0.0743,0.101,4.43446E-05
3,12.53009,8.27E-32,0.000189,0.69,0.0744,0.101,0.003947
5,12.547826,1.03E-33,0.000188,0.69,0.0743,0.101,4.43446E-05
3,12.548852,8.28E-32,0.000189,0.69,0.0744,0.101,0.003947
3,12.562691,1.41E-33,0.000189,0.69,0.0744,0.101,0.003947
3,12.562749,1.41E-33,0.000189,0.69,0.0744,0.101,0.003947
4,12.870355,2.19E-33,0.00019,0.69,0.0747,0.102,0.000733989
4,12.870367,3.49E-33,0.00019,0.69,0.0747,0.102,0.000733989
4,12.870375,2.15E-31,0.00019,0.69,0.0747,0.102,0.000733989
4,12.870375,2.28E-31,0.00019,0.69,0.0747,0.102,0.000733989
4,12.870375,2.42E-31,0.00019,0.69,0.0747,0.102,0.000733989
4,12.870375,2.57E-31,0.00019,0.69,0.0747,0.102,0.000733989
4,12.870375,2.73E-31,0.00019,0.69,0.0747,0.102,0.000733989
4,12.870375,2.89E-31,0.00019,0.69,0.0747,0.102,0.000733989
4,12.870378,3.92E-33,0.00019,0.69,0.0747,0.102,0.000733989
4,12.870386,3.49E-33,0.00019,0.69,0.0747,0.102,0.000733989
4,12.870393,2.18E-33,0.00019,0.69,0.0747,0.102,0.000733989
6,12.870806,2.38E-33,0.000189,0.69,0.0744,0.101,8.24623E-06
4,12.884596,4.48E-33,0.000189,0.69,0.0746,0.102,0.000733989
4,12.904368,4.49E-33,0.000189,0.69,0.0746,0.102,0.000733989
3,13.147561,2.26E-33,0.000193,0.69,0.0736,0.101,0.003947
3,13.249188,9.61E-33,0.000193,0.69,0.0736,0.101,0.003947
5,13.251778,4.76E-32,0.000192,0.69,0.0734,0.1,4.43446E-05
3,13.251875,4.16E-30,0.000193,0.69,0.0736,0.101,0.003947
3,13.264063,3.32E-33,0.000193,0.69,0.0736,0.101,0.003947
5,13.265177,1.13E-33,0.000192,0.69,0.0734,0.1,4.43446E-05
3,13.266851,9.07E-32,0.000193,0.69,0.0736,0.101,0.003947
5,13.285628,1.13E-33,0.000192,0.69,0.0734,0.1,4.43446E-05
3,13.286715,9.08E-32,0.000193,0.69,0.0736,0.101,0.003947
3,13.301357,1.54E-33,0.000193,0.69,0.0736,0.101,0.003947
3,13.301424,1.54E-33,0.000193,0.69,0.0736,0.101,0.003947
4,13.627117,2.17E-33,0.000194,0.69,0.0739,0.101,0.000733989
4,13.627129,3.46E-33,0.000194,0.69,0.0739,0.101,0.000733989
4,13.627137,2.56E-31,0.000194,0.69,0.0739,0.101,0.000733989
4,13.627138,2.42E-31,0.000194,0.69,0.0739,0.101,0.000733989
4,13.627138,2.70E-31,0.000194,0.69,0.0739,0.101,0.000733989
4,13.627138,2.86E-31,0.000194,0.69,0.0739,0.101,0.000733989
4,13.627138,3.02E-31,0.000194,0.69,0.0739,0.101,0.000733989
4,13.627138,3.20E-31,0.000194,0.69,0.0739,0.101,0.000733989
4,13.62714,3.89E-33,0.000194,0.69,0.0739,0.101,0.000733989
4,13.627148,3.46E-33,0.000194,0.69,0.0739,0.101,0.000733989
4,13.627156,2.17E-33,0.000194,0.69,0.0739,0.101,0.000733989
6,13.627596,2.62E-33,0.000193,0.69,0.0736,0.101,8.24623E-06
4,13.642193,4.90E-33,0.000193,0.69,0.0737,0.101,0.000733989
4,13.663126,4.91E-33,0.000193,0.69,0.0737,0.101,0.000733989
3,13.877649,2.49E-33,0.000168,0.7,0.0729,0.1,0.003947
3,13.98487,1.07E-32,0.000168,0.7,0.0729,0.1,0.003947
5,13.987654,5.17E-32,0.000168,0.7,0.0727,0.099,4.43446E-05
3,13.987756,4.52E-30,0.000168,0.7,0.0729,0.1,0.003947
3,14.000669,3.70E-33,0.000168,0.7,0.0729,0.1,0.003947
5,14.001793,1.22E-33,0.000168,0.7,0.0727,0.099,4.43446E-05
3,14.00356,9.80E-32,0.000168,0.7,0.0729,0.1,0.003947
5,14.023379,1.22E-33,0.000168,0.7,0.0727,0.099,4.43446E-05
3,14.024525,9.82E-32,0.000168,0.7,0.0729,0.1,0.003947
3,14.039966,1.65E-33,0.000168,0.7,0.0729,0.1,0.003947
3,14.040046,1.65E-33,0.000168,0.7,0.0729,0.1,0.003947
4,14.383825,2.14E-33,0.000169,0.7,0.0732,0.1,0.000733989
4,14.383837,3.42E-33,0.000169,0.7,0.0732,0.1,0.000733989
4,14.383845,2.68E-31,0.000169,0.7,0.0732,0.1,0.000733989
4,14.383845,2.82E-31,0.000169,0.7,0.0732,0.1,0.000733989
4,14.383845,2.98E-31,0.000169,0.7,0.0732,0.1,0.000733989
4,14.383845,3.14E-31,0.000169,0.7,0.0732,0.1,0.000733989
4,14.383845,3.31E-31,0.000169,0.7,0.0732,0.1,0.000733989
4,14.383845,3.49E-31,0.000169,0.7,0.0732,0.1,0.000733989
4,14.383847,3.84E-33,0.000169,0.7,0.0732,0.1,0.000733989
4,14.383856,3.42E-33,0.000169,0.7,0.0732,0.1,0.000733989
4,14.383863,2.14E-33,0.000169,0.7,0.0732,0.1,0.000733989
6,14.384333,2.84E-33,0.000168,0.7,0.0729,0.1,8.24623E-06
4,14.399734,5.29E-33,0.000168,0.7,0.073,0.1,0.000733989
4,14.421828,5.30E-33,0.000168,0.7,0.073,0.1,0.000733989
3,14.607682,2.70E-33,0.000154,0.7,0.0722,0.099,0.003947
3,14.72049,1.19E-32,0.000154,0.7,0.0722,0.099,0.003947
5,14.723477,5.54E-32,0.000154,0.7,0.0721,0.099,4.43446E-05
3,14.723583,4.85E-30,0.000154,0.7,0.0722,0.099,0.003947
3,14.737228,4.09E-33,0.000154,0.7,0.0722,0.099,0.003947
5,14.738354,1.30E-33,0.000154,0.7,0.0721,0.099,4.43446E-05
3,14.740213,1.05E-31,0.000154,0.7,0.0722,0.099,0.003947
5,14.761074,1.30E-33,0.000154,0.7,0.0721,0.099,4.43446E-05
3,14.762281,1.05E-31,0.000154,0.7,0.0722,0.099,0.003947
3,14.778519,1.74E-33,0.000154,0.7,0.0722,0.099,0.003947
3,14.778614,1.74E-33,0.000154,0.7,0.0722,0.099,0.003947
4,15.140475,2.10E-33,0.000155,0.7,0.0725,0.1,0.000733989
4,15.140487,3.35E-33,0.000155,0.7,0.0725,0.1,0.000733989
4,15.140495,2.93E-31,0.000155,0.7,0.0725,0.1,0.000733989
4,15.140495,3.08E-31,0.000155,0.7,0.0725,0.1,0.000733989
4,15.140495,3.24E-31,0.000155,0.7,0.0725,0.1,0.000733989
4,15.140495,3.41E-31,0.000155,0.7,0.0725,0.1,0.000733989
4,15.140495,3.59E-31,0.000155,0.7,0.0725,0.1,0.000733989
4,15.140495,3.77E-31,0.000155,0.7,0.0725,0.1,0.000733989
4,15.140497,3.76E-33,0.000155,0.7,0.0725,0.1,0.000733989
4,15.140506,3.35E-33,0.000155,0.7,0.0725,0.1,0.000733989
4,15.140513,2.10E-33,0.000155,0.7,0.0725,0.1,0.000733989
6,15.141012,3.03E-33,0.000154,0.7,0.0722,0.099,8.24623E-06
4,15.157217,5.63E-33,0.000154,0.7,0.0724,0.099,0.000733989
4,15.180472,5.64E-33,0.000154,0.7,0.0724,0.099,0.000733989
3,15.337658,2.90E-33,0.000145,0.71,0.0716,0.098,0.003947
3,15.456045,1.30E-32,0.000145,0.71,0.0716,0.098,0.003947
5,15.459241,5.87E-32,0.000144,0.71,0.0715,0.098,4.43446E-05
3,15.459353,5.14E-30,0.000145,0.71,0.0716,0.098,0.003947
3,15.473737,4.47E-33,0.000145,0.71,0.0716,0.098,0.003947
5,15.474857,1.36E-33,0.000144,0.71,0.0715,0.098,4.43446E-05
3,15.476809,1.10E-31,0.000145,0.71,0.0716,0.098,0.003947
5,15.498711,1.37E-33,0.000144,0.71,0.0715,0.098,4.43446E-05
3,15.499977,1.11E-31,0.000145,0.71,0.0716,0.098,0.003947
3,15.517011,1.82E-33,0.000145,0.71,0.0716,0.098,0.003947
3,15.517121,1.82E-33,0.000145,0.71,0.0716,0.098,0.003947
4,15.897065,2.04E-33,0.000145,0.71,0.0719,0.099,0.000733989
4,15.897076,3.26E-33,0.000145,0.71,0.0719,0.099,0.000733989
4,15.897085,3.17E-31,0.000145,0.71,0.0719,0.099,0.000733989
4,15.897085,3.32E-31,0.000145,0.71,0.0719,0.099,0.000733989
4,15.897085,3.49E-31,0.000145,0.71,0.0719,0.099,0.000733989
4,15.897085,3.66E-31,0.000145,0.71,0.0719,0.099,0.000733989
4,15.897085,3.84E-31,0.000145,0.71,0.0719,0.099,0.000733989
4,15.897085,4.03E-31,0.000145,0.71,0.0719,0.099,0.000733989
4,15.897086,3.67E-33,0.000145,0.71,0.0719,0.099,0.000733989
4,15.897095,3.26E-33,0.000145,0.71,0.0719,0.099,0.000733989
4,15.897103,2.04E-33,0.000145,0.71,0.0719,0.099,0.000733989
6,15.897633,3.20E-33,0.000145,0.71,0.0716,0.098,8.24623E-06
4,15.91464,5.92E-33,0.000145,0.71,0.0718,0.098,0.000733989
4,15.939055,5.93E-33,0.000145,0.71,0.0718,0.098,0.000733989
3,16.067574,3.09E-33,0.000156,0.71,0.0711,0.097,0.003947
3,16.191531,1.41E-32,0.000156,0.71,0.0711,0.097,0.003947
5,16.194947,6.15E-32,0.000156,0.71,0.071,0.097,4.43446E-05
3,16.195064,5.38E-30,0.000156,0.71,0.0711,0.097,0.003947
3,16.210195,4.83E-33,0.000156,0.71,0.0711,0.097,0.003947
5,16.2113,1.42E-33,0.000156,0.71,0.071,0.097,4.43446E-05
3,16.213345,1.15E-31,0.000156,0.71,0.0711,0.097,0.003947
5,16.236287,1.42E-33,0.000156,0.71,0.071,0.097,4.43446E-05
3,16.237613,1.15E-31,0.000156,0.71,0.0711,0.097,0.003947
3,16.255439,1.87E-33,0.000156,0.71,0.0711,0.097,0.003947
3,16.255567,1.87E-33,0.000156,0.71,0.0711,0.097,0.003947
4,16.65359,1.98E-33,0.000157,0.71,0.0714,0.098,0.000733989
4,16.653602,3.16E-33,0.000157,0.71,0.0714,0.098,0.000733989
4,16.65361,3.39E-31,0.000157,0.71,0.0714,0.098,0.000733989
4,16.65361,3.55E-31,0.000157,0.71,0.0714,0.098,0.000733989
4,16.65361,3.71E-31,0.000157,0.71,0.0714,0.098,0.000733989
4,16.65361,3.89E-31,0.000157,0.71,0.0714,0.098,0.000733989
4,16.65361,4.07E-31,0.000157,0.71,0.0714,0.098,0.000733989
4,16.65361,4.26E-31,0.000157,0.71,0.0714,0.098,0.000733989
4,16.653612,3.55E-33,0.000157,0.71,0.0714,0.098,0.000733989
4,16.653621,3.16E-33,0.000157,0.71,0.0714,0.098,0.000733989
4,16.653629,1.98E-33,0.000157,0.71,0.0714,0.098,0.000733989
6,16.654188,3.34E-33,0.000156,0.71,0.0711,0.097,8.24623E-06
4,16.671998,6.15E-33,0.000157,0.71,0.0713,0.098,0.000733989
4,16.697572,6.16E-33,0.000157,0.71,0.0713,0.098,0.000733989
3,16.797428,3.25E-33,0.000135,0.72,0.0706,0.097,0.003947
3,16.926945,1.51E-32,0.000135,0.72,0.0706,0.097,0.003947
5,16.93059,6.37E-32,0.000135,0.72,0.0705,0.096,4.43446E-05
3,16.930711,5.58E-30,0.000135,0.72,0.0706,0.097,0.003947
3,16.9466,5.18E-33,0.000135,0.72,0.0706,0.097,0.003947
5,16.947678,1.46E-33,0.000135,0.72,0.0705,0.096,4.43446E-05
3,16.949815,1.19E-31,0.000135,0.72,0.0706,0.097,0.003947
5,16.973799,1.46E-33,0.000135,0.72,0.0705,0.096,4.43446E-05
3,16.975185,1.19E-31,0.000135,0.72,0.0706,0.097,0.003947
3,16.993801,1.91E-33,0.000135,0.72,0.0706,0.097,0.003947
3,16.993947,1.91E-33,0.000135,0.72,0.0706,0.097,0.003947
4,17.410049,1.90E-33,0.000136,0.72,0.0709,0.097,0.000733989
4,17.410061,3.04E-33,0.000136,0.72,0.0709,0.097,0.000733989
4,17.410069,3.58E-31,0.000136,0.72,0.0709,0.097,0.000733989
4,17.410069,3.74E-31,0.000136,0.72,0.0709,0.097,0.000733989
4,17.410069,3.91E-31,0.000136,0.72,0.0709,0.097,0.000733989
4,17.410069,4.09E-31,0.000136,0.72,0.0709,0.097,0.000733989
4,17.410069,4.27E-31,0.000136,0.72,0.0709,0.097,0.000733989
4,17.410069,4.46E-31,0.000136,0.72,0.0709,0.097,0.000733989
4,17.410071,3.42E-33,0.000136,0.72,0.0709,0.097,0.000733989
4,17.41008,3.04E-33,0.000136,0.72,0.0709,0.097,0.000733989
4,17.410087,1.90E-33,0.000136,0.72,0.0709,0.097,0.000733989
6,17.410679,3.45E-33,0.000135,0.72,0.0706,0.097,8.24623E-06
4,17.429289,6.31E-33,0.000136,0.72,0.0708,0.097,0.000733989
4,17.456023,6.32E-33,0.000136,0.72,0.0708,0.097,0.000733989
3,17.527217,3.39E-33,0.000139,0.73,0.0702,0.096,0.003947
3,17.662284,1.61E-32,0.000139,0.73,0.0702,0.096,0.003947
5,17.666167,6.53E-32,0.000139,0.73,0.07,0.095,4.43446E-05
3,17.666294,5.73E-30,0.000139,0.73,0.0702,0.096,0.003947
3,17.682948,5.51E-33,0.000139,0.73,0.0702,0.096,0.003947
5,17.683992,1.49E-33,0.000139,0.73,0.07,0.095,4.43446E-05
3,17.686221,1.21E-31,0.000139,0.73,0.0702,0.096,0.003947
5,17.711244,1.49E-33,0.000139,0.73,0.07,0.095,4.43446E-05
3,17.71269,1.21E-31,0.000139,0.73,0.0702,0.096,0.003947
3,17.732094,1.92E-33,0.000139,0.73,0.0702,0.096,0.003947
3,17.732261,1.92E-33,0.000139,0.73,0.0702,0.096,0.003947
4,18.166438,1.82E-33,0.00014,0.73,0.0705,0.096,0.000733989
4,18.16645,2.91E-33,0.00014,0.73,0.0705,0.096,0.000733989
4,18.166458,3.76E-31,0.00014,0.73,0.0705,0.096,0.000733989
4,18.166458,3.91E-31,0.00014,0.73,0.0705,0.096,0.000733989
4,18.166458,4.08E-31,0.00014,0.73,0.0705,0.096,0.000733989
4,18.166458,4.26E-31,0.00014,0.73,0.0705,0.096,0.000733989
4,18.166458,4.44E-31,0.00014,0.73,0.0705,0.096,0.000733989
4,18.166458,4.63E-31,0.00014,0.73,0.0705,0.096,0.000733989
4,18.16646,3.27E-33,0.00014,0.73,0.0705,0.096,0.000733989
4,18.166469,2.91E-33,0.00014,0.73,0.0705,0.096,0.000733989
4,18.166477,1.82E-33,0.00014,0.73,0.0705,0.096,0.000733989
6,18.167101,3.53E-33,0.000139,0.73,0.0702,0.096,8.24623E-06
4,18.186509,6.42E-33,0.000139,0.73,0.0703,0.096,0.000733989
4,18.214403,6.43E-33,0.000139,0.73,0.0703,0.096,0.000733989
3,18.256937,3.50E-33,0.00014,0.73,0.0698,0.095,0.003947
3,18.397544,1.70E-32,0.00014,0.73,0.0698,0.095,0.003947
5,18.401676,6.63E-32,0.000139,0.73,0.0697,0.095,4.43446E-05
3,18.401807,5.82E-30,0.00014,0.73,0.0698,0.095,0.003947
3,18.419237,5.81E-33,0.00014,0.73,0.0698,0.095,0.003947
5,18.420235,1.50E-33,0.000139,0.73,0.0697,0.095,4.43446E-05
3,18.422556,1.22E-31,0.00014,0.73,0.0698,0.095,0.003947
5,18.448619,1.50E-33,0.000139,0.73,0.0697,0.095,4.43446E-05
3,18.450126,1.22E-31,0.00014,0.73,0.0698,0.095,0.003947
3,18.470312,1.90E-33,0.00014,0.73,0.0698,0.095,0.003947
3,18.470503,1.91E-33,0.00014,0.73,0.0698,0.095,0.003947
4,18.922755,1.73E-33,0.00014,0.73,0.0701,0.095,0.000733989
4,18.922766,2.77E-33,0.00014,0.73,0.0701,0.095,0.000733989
4,18.922774,3.90E-31,0.00014,0.73,0.0701,0.095,0.000733989
4,18.922774,4.06E-31,0.00014,0.73,0.0701,0.095,0.000733989
4,18.922774,4.22E-31,0.00014,0.73,0.0701,0.095,0.000733989
4,18.922775,4.40E-31,0.00014,0.73,0.0701,0.095,0.000733989
4,18.922775,4.58E-31,0.00014,0.73,0.0701,0.095,0.000733989
4,18.922775,4.77E-31,0.00014,0.73,0.0701,0.095,0.000733989
4,18.922776,3.12E-33,0.00014,0.73,0.0701,0.095,0.000733989
4,18.922785,2.77E-33,0.00014,0.73,0.0701,0.095,0.000733989
4,18.922793,1.73E-33,0.00014,0.73,0.0701,0.095,0.000733989
6,18.923449,3.58E-33,0.00014,0.73,0.0698,0.095,8.24623E-06
4,18.943657,6.46E-33,0.00014,0.73,0.07,0.095,0.000733989
4,18.972708,6.46E-33,0.00014,0.73,0.07,0.095,0.000733989
3,18.986587,3.59E-33,0.000131,0.73,0.0695,0.094,0.003947
3,19.132724,1.78E-32,0.000131,0.73,0.0695,0.094,0.003947
5,19.137113,6.67E-32,0.000131,0.73,0.0693,0.094,4.43446E-05
3,19.13725,5.86E-30,0.000131,0.73,0.0695,0.094,0.003947
3,19.155466,6.08E-33,0.000131,0.73,0.0695,0.094,0.003947
5,19.156406,1.50E-33,0.000131,0.73,0.0693,0.094,4.43446E-05
3,19.158819,1.22E-31,0.000131,0.73,0.0695,0.094,0.003947
5,19.185923,1.50E-33,0.000131,0.73,0.0693,0.094,4.43446E-05
3,19.187488,1.22E-31,0.000131,0.73,0.0695,0.094,0.003947
3,19.208456,1.87E-33,0.000131,0.73,0.0695,0.094,0.003947
3,19.208672,1.88E-33,0.000131,0.73,0.0695,0.094,0.003947
4,19.678995,1.64E-33,0.000132,0.73,0.0698,0.094,0.000733989
4,19.679006,2.62E-33,0.000132,0.73,0.0698,0.094,0.000733989
4,19.679015,4.01E-31,0.000132,0.73,0.0698,0.094,0.000733989
4,19.679015,4.17E-31,0.000132,0.73,0.0698,0.094,0.000733989
4,19.679015,4.33E-31,0.000132,0.73,0.0698,0.094,0.000733989
4,19.679015,4.50E-31,0.000132,0.73,0.0698,0.094,0.000733989
4,19.679015,4.68E-31,0.000132,0.73,0.0698,0.094,0.000733989
4,19.679016,2.95E-33,0.000132,0.73,0.0698,0.094,0.000733989
4,19.679025,2.62E-33,0.000132,0.73,0.0698,0.094,0.000733989
4,19.679033,1.64E-33,0.000132,0.73,0.0698,0.094,0.000733989
6,19.679724,3.59E-33,0.000131,0.73,0.0695,0.094,8.24623E-06
4,19.700727,6.43E-33,0.000131,0.73,0.0696,0.094,0.000733989
3,19.716162,3.65E-33,0.000107,0.74,0.0692,0.093,0.003947
4,19.730937,6.44E-33,0.000131,0.73,0.0696,0.094,0.000733989
3,19.867817,1.85E-32,0.000107,0.74,0.0692,0.093,0.003947
5,19.872477,6.65E-32,0.000107,0.74,0.069,0.093,4.43446E-05
3,19.872618,5.85E-30,0.000107,0.74,0.0692,0.093,0.003947
3,19.89163,6.31E-33,0.000107,0.74,0.0692,0.093,0.003947
5,19.892503,1.48E-33,0.000107,0.74,0.069,0.093,4.43446E-05
3,19.895008,1.21E-31,0.000107,0.74,0.0692,0.093,0.003947
5,19.92315,1.48E-33,0.000107,0.74,0.069,0.093,4.43446E-05
3,19.924775,1.21E-31,0.000107,0.74,0.0692,0.093,0.003947
3,19.94652,1.82E-33,0.000107,0.74,0.0692,0.093,0.003947
3,19.946764,1.82E-33,0.000107,0.74,0.0692,0.093,0.003947
4,20.435249,3.14E-31,0.000107,0.74,0.0693,0.093,0.000733989
6,20.43592,3.56E-33,0.000107,0.74,0.0692,0.093,8.24623E-06
3,20.44566,3.68E-33,0.000119,0.74,0.0689,0.092,0.003947
4,20.457719,6.34E-33,0.000107,0.74,0.0693,0.093,0.000733989
4,20.489087,6.35E-33,0.000107,0.74,0.0693,0.093,0.000733989
3,20.602823,1.91E-32,0.000119,0.74,0.0689,0.092,0.003947
5,20.607764,6.57E-32,0.000119,0.74,0.0688,0.092,4.43446E-05
3,20.60791,5.79E-30,0.000119,0.74,0.0689,0.092,0.003947
3,20.627729,6.51E-33,0.000119,0.74,0.0689,0.092,0.003947
5,20.62852,1.45E-33,0.000119,0.74,0.0688,0.092,4.43446E-05
3,20.631118,1.18E-31,0.000119,0.74,0.0689,0.092,0.003947
5,20.660299,1.45E-33,0.000119,0.74,0.0688,0.092,4.43446E-05
3,20.661985,1.19E-31,0.000119,0.74,0.0689,0.092,0.003947
3,20.669527,1.01E-33,0.000119,0.74,0.0689,0.092,0.003947
3,20.684502,1.75E-33,0.000119,0.74,0.0689,0.092,0.003947
3,20.684776,1.76E-33,0.000119,0.74,0.0689,0.092,0.003947
3,21.17508,3.69E-33,0.000116,0.75,0.0687,0.091,0.003947
4,21.191337,3.09E-31,0.000119,0.74,0.0691,0.092,0.000733989
6,21.192035,3.51E-33,0.000119,0.74,0.0689,0.092,8.24623E-06
4,21.214628,6.20E-33,0.000119,0.74,0.0691,0.092,0.000733989
4,21.247152,6.20E-33,0.000119,0.74,0.0691,0.092,0.000733989
3,21.337739,1.96E-32,0.000116,0.75,0.0687,0.091,0.003947
5,21.342971,6.44E-32,0.000116,0.75,0.0686,0.091,4.43446E-05
3,21.343121,5.68E-30,0.000116,0.75,0.0687,0.091,0.003947
3,21.361291,1.02E-33,0.000116,0.75,0.0687,0.091,0.003947
3,21.36376,6.66E-33,0.000116,0.75,0.0687,0.091,0.003947
5,21.364458,1.41E-33,0.000116,0.75,0.0686,0.091,4.43446E-05
3,21.367147,1.15E-31,0.000116,0.75,0.0687,0.091,0.003947
5,21.397367,1.41E-33,0.000116,0.75,0.0686,0.091,4.43446E-05
3,21.399111,1.15E-31,0.000116,0.75,0.0687,0.091,0.003947
3,21.406817,1.03E-33,0.000116,0.75,0.0687,0.091,0.003947
3,21.422399,1.67E-33,0.000116,0.75,0.0687,0.091,0.003947
3,21.422707,1.67E-33,0.000116,0.75,0.0687,0.091,0.003947
3,21.904416,3.67E-33,0.000098,0.75,0.0685,0.09,0.003947
4,21.947341,3.02E-31,0.000117,0.75,0.0689,0.091,0.000733989
6,21.948066,3.43E-33,0.000116,0.75,0.0687,0.091,8.24623E-06
4,21.971451,6.00E-33,0.000117,0.75,0.0689,0.091,0.000733989
4,22.005133,6.01E-33,0.000117,0.75,0.0689,0.091,0.000733989
3,22.072558,2.00E-32,0.000098,0.75,0.0685,0.09,0.003947
5,22.078096,6.26E-32,0.000098,0.75,0.0684,0.09,4.43446E-05
3,22.078251,5.53E-30,0.000098,0.75,0.0685,0.09,0.003947
3,22.096954,1.04E-33,0.000098,0.75,0.0685,0.09,0.003947
3,22.099719,6.77E-33,0.000098,0.75,0.0685,0.09,0.003947
5,22.100312,1.35E-33,0.000098,0.75,0.0684,0.09,4.43446E-05
3,22.103092,1.11E-31,0.000098,0.75,0.0685,0.09,0.003947
5,22.13435,1.35E-33,0.000098,0.75,0.0684,0.09,4.43446E-05
3,22.136155,1.11E-31,0.000098,0.75,0.0685,0.09,0.003947
3,22.144012,1.05E-33,0.000098,0.75,0.0685,0.09,0.003947
3,22.160209,1.58E-33,0.000098,0.75,0.0685,0.09,0.003947
3,22.160551,1.58E-33,0.000098,0.75,0.0685,0.09,0.003947
3,22.633668,3.62E-33,0.000112,0.75,0.0684,0.089,0.003947
4,22.703257,2.93E-31,0.000099,0.75,0.0687,0.09,0.000733989
6,22.70401,3.32E-33,0.000098,0.75,0.0685,0.09,8.24623E-06
4,22.728186,5.76E-33,0.000099,0.75,0.0687,0.09,0.000733989
4,22.763024,5.76E-33,0.000099,0.75,0.0687,0.09,0.000733989
3,22.80728,2.02E-32,0.000112,0.75,0.0684,0.089,0.003947
5,22.813134,6.04E-32,0.000112,0.75,0.0683,0.089,4.43446E-05
3,22.813294,5.34E-30,0.000112,0.75,0.0684,0.089,0.003947
3,22.832524,1.05E-33,0.000112,0.75,0.0684,0.089,0.003947
3,22.835605,6.84E-33,0.000112,0.75,0.0684,0.089,0.003947
5,22.836078,1.29E-33,0.000112,0.75,0.0683,0.089,4.43446E-05
3,22.838951,1.06E-31,0.000112,0.75,0.0684,0.089,0.003947
5,22.871247,1.29E-33,0.000112,0.75,0.0683,0.089,4.43446E-05
3,22.87311,1.06E-31,0.000112,0.75,0.0684,0.089,0.003947
3,22.881109,1.06E-33,0.000112,0.75,0.0684,0.089,0.003947
3,22.897925,1.47E-33,0.000112,0.75,0.0684,0.089,0.003947
3,22.898307,1.47E-33,0.000112,0.75,0.0684,0.089,0.003947
3,23.362831,3.55E-33,0.000116,0.76,0.0683,0.088,0.003947
4,23.459083,2.82E-31,0.000112,0.75,0.0686,0.09,0.000733989
6,23.459863,3.19E-33,0.000112,0.75,0.0684,0.089,8.24623E-06
4,23.484829,5.48E-33,0.000112,0.75,0.0686,0.09,0.000733989
4,23.520822,5.48E-33,0.000112,0.75,0.0686,0.09,0.000733989
3,23.541903,2.03E-32,0.000116,0.76,0.0683,0.088,0.003947
5,23.548085,5.77E-32,0.000115,0.76,0.0682,0.088,4.43446E-05
3,23.54825,5.11E-30,0.000116,0.76,0.0683,0.088,0.003947
3,23.567996,1.05E-33,0.000116,0.76,0.0683,0.088,0.003947
3,23.571415,6.87E-33,0.000116,0.76,0.0683,0.088,0.003947
5,23.571756,1.22E-33,0.000115,0.76,0.0682,0.088,4.43446E-05
3,23.57472,1.01E-31,0.000116,0.76,0.0683,0.088,0.003947
5,23.608054,1.22E-33,0.000115,0.76,0.0682,0.088,4.43446E-05
3,23.609976,1.00E-31,0.000116,0.76,0.0683,0.088,0.003947
3,23.618103,1.06E-33,0.000116,0.76,0.0683,0.088,0.003947
3,23.635549,1.36E-33,0.000116,0.76,0.0683,0.088,0.003947
3,23.635972,1.36E-33,0.000116,0.76,0.0683,0.088,0.003947
3,24.091903,3.46E-33,0.000124,0.76,0.0682,0.087,0.003947
4,24.214815,2.69E-31,0.000116,0.76,0.0684,0.089,0.000733989
6,24.215625,3.03E-33,0.000116,0.76,0.0683,0.088,8.24623E-06
4,24.241378,5.17E-33,0.000116,0.76,0.0684,0.089,0.000733989
3,24.276419,2.03E-32,0.000124,0.76,0.0682,0.087,0.003947
4,24.278527,5.17E-33,0.000116,0.76,0.0684,0.089,0.000733989
5,24.282946,5.48E-32,0.000124,0.76,0.068,0.087,4.43446E-05
3,24.283113,4.86E-30,0.000124,0.76,0.0682,0.087,0.003947
3,24.303366,1.05E-33,0.000124,0.76,0.0682,0.087,0.003947
3,24.307149,6.86E-33,0.000124,0.76,0.0682,0.087,0.003947
5,24.307342,1.14E-33,0.000124,0.76,0.068,0.087,4.43446E-05
3,24.310397,9.44E-32,0.000124,0.76,0.0682,0.087,0.003947
5,24.344767,1.14E-33,0.000124,0.76,0.068,0.087,4.43446E-05
3,24.34675,9.44E-32,0.000124,0.76,0.0682,0.087,0.003947
3,24.354992,1.06E-33,0.000124,0.76,0.0682,0.087,0.003947
3,24.373075,1.24E-33,0.000124,0.76,0.0682,0.087,0.003947
3,24.373542,1.24E-33,0.000124,0.76,0.0682,0.087,0.003947
3,24.820882,3.35E-33,0.000136,0.76,0.0681,0.086,0.003947
4,24.970452,2.54E-31,0.000125,0.76,0.0683,0.088,0.000733989
6,24.971288,2.87E-33,0.000124,0.76,0.0682,0.087,8.24623E-06
4,24.997829,4.83E-33,0.000125,0.76,0.0683,0.088,0.000733989
3,25.010829,2.02E-32,0.000136,0.76,0.0681,0.086,0.003947
5,25.017711,5.16E-32,0.000135,0.76,0.0679,0.086,4.43446E-05
3,25.017884,4.59E-30,0.000136,0.76,0.0681,0.086,0.003947
4,25.036131,4.83E-33,0.000125,0.76,0.0683,0.088,0.000733989
3,25.038633,1.04E-33,0.000136,0.76,0.0681,0.086,0.003947
3,25.0428,6.80E-33,0.000136,0.76,0.0681,0.086,0.003947
5,25.042831,1.06E-33,0.000135,0.76,0.0679,0.086,4.43446E-05
3,25.045978,8.80E-32,0.000136,0.76,0.0681,0.086,0.003947
5,25.081384,1.06E-33,0.000135,0.76,0.0679,0.086,4.43446E-05
3,25.083426,8.79E-32,0.000136,0.76,0.0681,0.086,0.003947
3,25.091773,1.05E-33,0.000136,0.76,0.0681,0.086,0.003947
3,25.110499,1.12E-33,0.000136,0.76,0.0681,0.086,0.003947
3,25.111016,1.12E-33,0.000136,0.76,0.0681,0.086,0.003947
3,25.549764,3.22E-33,0.000143,0.76,0.068,0.085,0.003947
4,25.725989,2.39E-31,0.000136,0.76,0.0682,0.087,0.000733989
6,25.726855,2.69E-33,0.000136,0.76,0.0681,0.086,8.24623E-06
3,25.745129,2.00E-32,0.000143,0.76,0.068,0.085,0.003947
5,25.75238,4.83E-32,0.000143,0.76,0.0678,0.085,4.43446E-05
3,25.752557,4.29E-30,0.000143,0.76,0.068,0.085,0.003947
4,25.754178,4.48E-33,0.000136,0.76,0.0682,0.087,0.000733989
3,25.773793,1.02E-33,0.000143,0.76,0.068,0.085,0.003947
3,25.778369,6.71E-33,0.000143,0.76,0.068,0.085,0.003947
3,25.781461,8.13E-32,0.000143,0.76,0.068,0.085,0.003947
4,25.793635,4.48E-33,0.000136,0.76,0.0682,0.087,0.000733989
3,25.820005,8.12E-32,0.000143,0.76,0.068,0.085,0.003947
3,25.828443,1.03E-33,0.000143,0.76,0.068,0.085,0.003947
3,25.848389,1.00E-33,0.000143,0.76,0.068,0.085,0.003947
3,26.278547,3.07E-33,0.000144,0.76,0.0678,0.084,0.003947
3,26.479314,1.96E-32,0.000144,0.76,0.0678,0.084,0.003947
4,26.481423,2.23E-31,0.000144,0.76,0.0681,0.086,0.000733989
6,26.482317,2.50E-33,0.000143,0.76,0.068,0.085,8.24623E-06
5,26.486949,4.48E-32,0.000143,0.76,0.0677,0.084,4.43446E-05
3,26.487131,3.99E-30,0.000144,0.76,0.0678,0.084,0.003947
3,26.508841,1.00E-33,0.000144,0.76,0.0678,0.084,0.003947
4,26.510424,4.11E-33,0.000144,0.76,0.0681,0.086,0.000733989
3,26.513853,6.60E-33,0.000144,0.76,0.0678,0.084,0.003947
3,26.516842,7.43E-32,0.000144,0.76,0.0678,0.084,0.003947
4,26.551035,4.11E-33,0.000144,0.76,0.0681,0.086,0.000733989
3,26.556481,7.43E-32,0.000144,0.76,0.0678,0.084,0.003947
3,26.564997,1.01E-33,0.000144,0.76,0.0678,0.084,0.003947
3,27.007227,2.92E-33,0.000124,0.76,0.0678,0.083,0.003947
3,27.213383,1.92E-32,0.000124,0.76,0.0678,0.083,0.003947
5,27.221416,4.13E-32,0.000124,0.76,0.0676,0.083,4.43446E-05
3,27.221602,3.68E-30,0.000124,0.76,0.0678,0.083,0.003947
4,27.236753,2.06E-31,0.000144,0.76,0.068,0.085,0.000733989
6,27.237676,2.31E-33,0.000144,0.76,0.0678,0.084,8.24623E-06
3,27.249249,6.44E-33,0.000124,0.76,0.0678,0.083,0.003947
3,27.252121,6.76E-32,0.000124,0.76,0.0678,0.083,0.003947
4,27.266563,3.75E-33,0.000144,0.76,0.068,0.085,0.000733989
3,27.292853,6.75E-32,0.000124,0.76,0.0678,0.083,0.003947
4,27.308327,3.75E-33,0.000144,0.76,0.068,0.085,0.000733989
3,27.735802,2.76E-33,0.000119,0.76,0.0677,0.082,0.003947
3,27.947331,1.87E-32,0.000119,0.76,0.0677,0.082,0.003947
5,27.955778,3.77E-32,0.000119,0.76,0.0675,0.082,4.43446E-05
3,27.955968,3.37E-30,0.000119,0.76,0.0677,0.082,0.003947
3,27.984554,6.25E-33,0.000119,0.76,0.0677,0.082,0.003947
3,27.987292,6.09E-32,0.000119,0.76,0.0677,0.082,0.003947
4,27.991973,1.89E-31,0.000125,0.76,0.0679,0.084,0.000733989
6,27.992927,2.12E-33,0.000124,0.76,0.0678,0.083,8.24623E-06
4,28.022593,3.39E-33,0.000125,0.76,0.0679,0.084,0.000733989
3,28.029118,6.09E-32,0.000119,0.76,0.0677,0.082,0.003947
4,28.065507,3.39E-33,0.000125,0.76,0.0679,0.084,0.000733989
3,28.464269,2.59E-33,0.000134,0.75,0.0676,0.081,0.003947
3,28.681157,1.81E-32,0.000134,0.75,0.0676,0.081,0.003947
5,28.690031,3.43E-32,0.000133,0.75,0.0675,0.081,4.43446E-05
3,28.690225,3.07E-30,0.000134,0.75,0.0676,0.081,0.003947
3,28.719769,6.03E-33,0.000134,0.75,0.0676,0.081,0.003947
3,28.722352,5.45E-32,0.000134,0.75,0.0676,0.081,0.003947
4,28.747082,1.72E-31,0.00012,0.76,0.0678,0.083,0.000733989
6,28.748065,1.93E-33,0.000119,0.76,0.0677,0.082,8.24623E-06
3,28.765272,5.44E-32,0.000134,0.75,0.0676,0.081,0.003947
4,28.778509,3.04E-33,0.00012,0.76,0.0678,0.083,0.000733989
4,28.822576,3.03E-33,0.00012,0.76,0.0678,0.083,0.000733989
3,29.192626,2.42E-33,0.000131,0.75,0.0675,0.081,0.003947
3,29.414855,1.74E-32,0.000131,0.75,0.0675,0.081,0.003947
5,29.424174,3.09E-32,0.000131,0.75,0.0674,0.08,4.43446E-05
3,29.424371,2.77E-30,0.000131,0.75,0.0675,0.081,0.003947
3,29.454886,5.79E-33,0.000131,0.75,0.0675,0.081,0.003947
3,29.457302,4.83E-32,0.000131,0.75,0.0675,0.081,0.003947
3,29.501312,4.82E-32,0.000131,0.75,0.0675,0.081,0.003947
4,29.502077,1.56E-31,0.000134,0.75,0.0677,0.082,0.000733989
6,29.503091,1.74E-33,0.000134,0.75,0.0676,0.081,8.24623E-06
4,29.534309,2.70E-33,0.000134,0.75,0.0677,0.082,0.000733989
4,29.579526,2.69E-33,0.000134,0.75,0.0677,0.082,0.000733989
3,29.920869,2.25E-33,0.000123,0.75,0.0675,0.08,0.003947
3,30.148424,1.66E-32,0.000123,0.75,0.0675,0.08,0.003947
5,30.158203,2.76E-32,0.000123,0.75,0.0673,0.079,4.43446E-05
3,30.158404,2.49E-30,0.000123,0.75,0.0675,0.08,0.003947
3,30.189908,5.53E-33,0.000123,0.75,0.0675,0.08,0.003947
3,30.192134,4.25E-32,0.000123,0.75,0.0675,0.08,0.003947
3,30.237238,4.24E-32,0.000123,0.75,0.0675,0.08,0.003947
4,30.256955,1.40E-31,0.000131,0.75,0.0677,0.081,0.000733989
6,30.257998,1.56E-33,0.000131,0.75,0.0675,0.081,8.24623E-06
4,30.28999,2.37E-33,0.000131,0.75,0.0677,0.081,0.000733989
4,30.336358,2.37E-33,0.000131,0.75,0.0677,0.081,0.000733989
3,30.648995,2.08E-33,0.000121,0.75,0.0674,0.079,0.003947
3,30.881861,1.58E-32,0.000121,0.75,0.0674,0.079,0.003947
5,30.892114,2.45E-32,0.00012,0.75,0.0673,0.079,4.43446E-05
3,30.892319,2.21E-30,0.000121,0.75,0.0674,0.079,0.003947
3,30.92483,5.26E-33,0.000121,0.75,0.0674,0.079,0.003947
3,30.926848,3.70E-32,0.000121,0.75,0.0674,0.079,0.003947
3,30.973043,3.69E-32,0.000121,0.75,0.0674,0.079,0.003947
4,31.011712,1.25E-31,0.000124,0.75,0.0676,0.08,0.000733989
6,31.012787,1.39E-33,0.000123,0.75,0.0675,0.08,8.24623E-06
4,31.045548,2.07E-33,0.000124,0.75,0.0676,0.08,0.000733989
4,31.093066,2.07E-33,0.000124,0.75,0.0676,0.08,0.000733989
3,31.377001,1.91E-33,0.000138,0.75,0.0673,0.078,0.003947
3,31.61516,1.50E-32,0.000138,0.75,0.0673,0.078,0.003947
5,31.625907,2.17E-32,0.000137,0.75,0.0672,0.078,4.43446E-05
3,31.626116,1.96E-30,0.000138,0.75,0.0673,0.078,0.003947
3,31.659649,4.98E-33,0.000138,0.75,0.0673,0.078,0.003947
3,31.661442,3.20E-32,0.000138,0.75,0.0673,0.078,0.003947
3,31.708727,3.19E-32,0.000138,0.75,0.0673,0.078,0.003947
4,31.766346,1.11E-31,0.000121,0.75,0.0676,0.079,0.000733989
6,31.767451,1.23E-33,0.000121,0.75,0.0674,0.079,8.24623E-06
4,31.800983,1.79E-33,0.000121,0.75,0.0676,0.079,0.000733989
4,31.849648,1.79E-33,0.000121,0.75,0.0676,0.079,0.000733989
3,32.104887,1.75E-33,0.000126,0.75,0.0672,0.077,0.003947
3,32.348322,1.41E-32,0.000126,0.75,0.0672,0.077,0.003947
5,32.359576,1.90E-32,0.000126,0.75,0.0671,0.077,4.43446E-05
3,32.359789,1.72E-30,0.000126,0.75,0.0672,0.077,0.003947
3,32.394363,4.68E-33,0.000126,0.75,0.0672,0.077,0.003947
3,32.395911,2.74E-32,0.000126,0.75,0.0672,0.077,0.003947
3,32.444286,2.73E-32,0.000126,0.75,0.0672,0.077,0.003947
4,32.520853,9.73E-32,0.000138,0.75,0.0675,0.078,0.000733989
4,32.556288,1.54E-33,0.000138,0.75,0.0675,0.078,0.000733989
4,32.606101,1.53E-33,0.000138,0.75,0.0675,0.078,0.000733989
3,32.832647,1.59E-33,0.000143,0.75,0.0672,0.076,0.003947
3,33.081341,1.33E-32,0.000143,0.75,0.0672,0.076,0.003947
5,33.093122,1.65E-32,0.000143,0.75,0.067,0.076,4.43446E-05
3,33.093338,1.50E-30,0.000143,0.75,0.0672,0.076,0.003947
3,33.128973,4.39E-33,0.000143,0.75,0.0672,0.076,0.003947
3,33.130252,2.32E-32,0.000143,0.75,0.0672,0.076,0.003947
3,33.179717,2.32E-32,0.000143,0.75,0.0672,0.076,0.003947
4,33.275231,8.49E-32,0.000126,0.75,0.0674,0.077,0.000733989
3,33.560279,1.44E-33,0.000124,0.74,0.067,0.076,0.003947
3,33.814214,1.24E-32,0.000124,0.74,0.067,0.076,0.003947
5,33.826538,1.42E-32,0.000124,0.74,0.0669,0.075,4.43446E-05
3,33.826758,1.30E-30,0.000124,0.74,0.067,0.076,0.003947
3,33.863471,4.09E-33,0.000124,0.74,0.067,0.076,0.003947
3,33.864465,1.95E-32,0.000124,0.74,0.067,0.076,0.003947
3,33.915017,1.95E-32,0.000124,0.74,0.067,0.076,0.003947
4,34.029476,7.35E-32,0.000143,0.75,0.0673,0.077,0.000733989
3,34.546939,1.15E-32,0.000127,0.74,0.0669,0.075,0.003947
5,34.559824,1.22E-32,0.000127,0.74,0.0668,0.075,4.43446E-05
3,34.560047,1.12E-30,0.000127,0.74,0.0669,0.075,0.003947
3,34.597858,3.79E-33,0.000127,0.74,0.0669,0.075,0.003947
3,34.598543,1.62E-32,0.000127,0.74,0.0669,0.075,0.003947
3,34.650184,1.62E-32,0.000127,0.74,0.0669,0.075,0.003947
4,34.783586,6.32E-32,0.000125,0.74,0.0672,0.076,0.000733989
3,35.279513,1.07E-32,0.000115,0.73,0.0668,0.074,0.003947
5,35.292977,1.04E-32,0.000115,0.73,0.0667,0.074,4.43446E-05
3,35.293203,9.52E-31,0.000115,0.73,0.0668,0.074,0.003947
3,35.332132,3.50E-33,0.000115,0.73,0.0668,0.074,0.003947
3,35.332487,1.34E-32,0.000115,0.73,0.0668,0.074,0.003947
3,35.385215,1.33E-32,0.000115,0.73,0.0668,0.074,0.003947
4,35.537558,5.40E-32,0.000127,0.74,0.0671,0.075,0.000733989
3,36.01193,9.80E-33,0.000122,0.73,0.0667,0.074,0.003947
5,36.025992,8.73E-33,0.000122,0.73,0.0666,0.073,4.43446E-05
3,36.026221,8.06E-31,0.000122,0.73,0.0667,0.074,0.003947
3,36.06629,3.22E-33,0.000122,0.73,0.0667,0.074,0.003947
3,36.066292,1.09E-32,0.000122,0.73,0.0667,0.074,0.003947
3,36.120105,1.09E-32,0.000122,0.73,0.0667,0.074,0.003947
4,36.291388,4.57E-32,0.000115,0.73,0.0669,0.074,0.000733989
3,36.744192,8.98E-33,0.000114,0.73,0.0666,0.073,0.003947
5,36.758868,7.30E-33,0.000113,0.73,0.0664,0.073,4.43446E-05
3,36.7591,6.77E-31,0.000114,0.73,0.0666,0.073,0.003947
3,36.799954,8.77E-33,0.000114,0.73,0.0666,0.073,0.003947
3,36.800328,2.94E-33,0.000114,0.73,0.0666,0.073,0.003947
3,36.854855,8.73E-33,0.000114,0.73,0.0666,0.073,0.003947
4,37.045073,3.84E-32,0.000122,0.73,0.0668,0.074,0.000733989
3,37.476291,8.19E-33,0.000103,0.73,0.0665,0.072,0.003947
5,37.491602,6.06E-33,0.000103,0.73,0.0663,0.072,4.43446E-05
3,37.491838,5.65E-31,0.000103,0.73,0.0665,0.072,0.003947
3,37.533474,6.98E-33,0.000103,0.73,0.0665,0.072,0.003947
3,37.534245,2.68E-33,0.000103,0.73,0.0665,0.072,0.003947
3,37.589458,6.95E-33,0.000103,0.73,0.0665,0.072,0.003947
4,37.798612,3.20E-32,0.000114,0.73,0.0667,0.073,0.000733989
3,38.208226,7.44E-33,0.000107,0.72,0.0664,0.072,0.003947
5,38.224191,4.99E-33,0.000107,0.72,0.0662,0.072,4.43446E-05
3,38.224429,4.67E-31,0.000107,0.72,0.0664,0.072,0.003947
3,38.266845,5.48E-33,0.000107,0.72,0.0664,0.072,0.003947
3,38.26804,2.43E-33,0.000107,0.72,0.0664,0.072,0.003947
3,38.323914,5.45E-33,0.000107,0.72,0.0664,0.072,0.003947
4,38.551999,2.65E-32,0.000103,0.73,0.0666,0.073,0.000733989
3,38.939995,6.72E-33,0.000114,0.72,0.0662,0.071,0.003947
5,38.956632,4.07E-33,0.000114,0.72,0.0661,0.071,4.43446E-05
3,38.956873,3.84E-31,0.000114,0.72,0.0662,0.071,0.003947
3,39.000067,4.24E-33,0.000114,0.72,0.0662,0.071,0.003947
3,39.001708,2.19E-33,0.000114,0.72,0.0662,0.071,0.003947
3,39.058219,4.22E-33,0.000114,0.72,0.0662,0.071,0.003947
4,39.305233,2.17E-32,0.000107,0.72,0.0665,0.072,0.000733989
3,39.671593,6.05E-33,0.000125,0.72,0.0661,0.071,0.003947
5,39.688923,3.29E-33,0.000125,0.72,0.066,0.071,4.43446E-05
3,39.689166,3.12E-31,0.000125,0.72,0.0661,0.071,0.003947
3,39.733135,3.23E-33,0.000125,0.72,0.0661,0.071,0.003947
3,39.735249,1.97E-33,0.000125,0.72,0.0661,0.071,0.003947
3,39.79237,3.21E-33,0.000125,0.72,0.0661,0.071,0.003947
4,40.058312,1.77E-32,0.000114,0.72,0.0664,0.072,0.000733989
3,40.403017,5.42E-33,0.000122,0.71,0.0659,0.07,0.003947
5,40.421059,2.64E-33,0.000122,0.71,0.0658,0.07,4.43446E-05
3,40.421305,2.52E-31,0.000122,0.71,0.0659,0.07,0.003947
3,40.466048,2.42E-33,0.000122,0.71,0.0659,0.07,0.003947
3,40.526364,2.40E-33,0.000122,0.71,0.0659,0.07,0.003947
4,40.811229,1.42E-32,0.000126,0.72,0.0662,0.071,0.000733989
3,41.134266,4.83E-33,0.000128,0.71,0.0658,0.07,0.003947
5,41.153039,2.10E-33,0.000127,0.71,0.0656,0.07,4.43446E-05
3,41.153288,2.02E-31,0.000128,0.71,0.0658,0.07,0.003947
4,41.563986,1.14E-32,0.000123,0.71,0.0661,0.071,0.000733989
3,41.865334,4.29E-33,0.000113,0.7,0.0656,0.07,0.003947
3,41.885111,1.60E-31,0.000113,0.7,0.0656,0.07,0.003947
4,42.316576,9.01E-33,0.000128,0.71,0.0659,0.07,0.000733989
3,42.59622,3.79E-33,0.000113,0.7,0.0654,0.069,0.003947
3,42.616772,1.25E-31,0.000113,0.7,0.0654,0.069,0.003947
4,43.068998,7.06E-33,0.000113,0.7,0.0657,0.07,0.000733989
3,43.326921,3.34E-33,0.000118,0.7,0.0652,0.069,0.003947
3,43.348269,9.74E-32,0.000118,0.7,0.0652,0.069,0.003947
4,43.821249,5.47E-33,0.000113,0.7,0.0655,0.069,0.000733989
3,44.057432,2.93E-33,0.000127,0.69,0.0651,0.068,0.003947
3,44.079596,7.49E-32,0.000127,0.69,0.0651,0.068,0.003947
4,44.573324,4.20E-33,0.000118,0.7,0.0654,0.069,0.000733989
3,44.787753,2.55E-33,0.000115,0.69,0.0649,0.068,0.003947
3,44.810754,5.69E-32,0.000115,0.69,0.0649,0.068,0.003947
4,45.325223,3.18E-33,0.000127,0.69,0.0652,0.069,0.000733989
3,45.541738,4.26E-32,0.000116,0.69,0.0647,0.068,0.003947
3,46.272545,3.15E-32,0.000117,0.68,0.0645,0.068,0.003947
3,47.003174,2.30E-32,0.000121,0.68,0.0643,0.067,0.003947
3,47.733619,1.65E-32,0.000115,0.68,0.0641,0.067,0.003947
3,48.463882,1.16E-32,0.000125,0.67,0.0639,0.067,0.003947
3,49.193955,7.96E-33,0.000112,0.67,0.0637,0.067,0.003947
3,49.923838,5.33E-33,0.000126,0.67,0.0635,0.066,0.003947
3,50.653527,3.46E-33,0.00011,0.66,0.0633,0.066,0.003947
3,66.14857,5.85E-33,0.00019,0.7,0.0655,0.07,0.003947
3,66.811967,7.17E-33,0.00019,0.71,0.0657,0.07,0.003947
3,67.477575,8.76E-33,0.000192,0.71,0.0659,0.07,0.003947
3,68.145343,1.07E-32,0.000185,0.71,0.066,0.071,0.003947
3,68.815228,1.29E-32,0.000184,0.72,0.0662,0.071,0.003947
3,69.487183,1.56E-32,0.000179,0.72,0.0663,0.072,0.003947
3,70.161164,1.88E-32,0.000169,0.72,0.0664,0.072,0.003947
3,70.837127,2.25E-32,0.000169,0.73,0.0666,0.073,0.003947
3,71.515029,2.68E-32,0.000155,0.73,0.0667,0.074,0.003947
3,72.194827,3.18E-32,0.000146,0.73,0.0668,0.074,0.003947
3,72.876482,3.76E-32,0.000147,0.74,0.0669,0.075,0.003947
3,73.55995,4.43E-32,0.000143,0.74,0.067,0.076,0.003947
3,74.245191,5.19E-32,0.000141,0.74,0.0671,0.076,0.003947
3,74.932169,6.06E-32,0.000128,0.75,0.0672,0.077,0.003947
3,75.620842,7.05E-32,0.000134,0.75,0.0673,0.078,0.003947
4,75.920617,7.22E-33,0.000121,0.76,0.0679,0.084,0.000733989
3,76.311172,8.16E-32,0.000129,0.75,0.0674,0.079,0.003947
4,76.662797,8.19E-33,0.000113,0.76,0.068,0.085,0.000733989
3,77.003125,9.41E-32,0.000132,0.75,0.0675,0.08,0.003947
4,77.405842,9.25E-33,0.000107,0.76,0.0681,0.086,0.000733989
3,77.696663,1.08E-31,0.000126,0.75,0.0675,0.081,0.003947
4,78.149716,1.04E-32,0.000107,0.76,0.0682,0.087,0.000733989
3,78.391749,1.23E-31,0.000125,0.75,0.0676,0.081,0.003947
4,78.894384,1.16E-32,0.000113,0.76,0.0683,0.087,0.000733989
3,79.088352,1.41E-31,0.000125,0.76,0.0677,0.082,0.003947
4,79.639814,1.29E-32,0.000121,0.76,0.0684,0.089,0.000733989
3,79.786434,1.59E-31,0.000121,0.76,0.0678,0.083,0.003947
4,80.385971,1.43E-32,0.00011,0.75,0.0686,0.089,0.000733989
3,80.485964,1.80E-31,0.000113,0.76,0.0679,0.084,0.003947
4,81.132824,1.58E-32,0.000106,0.75,0.0687,0.09,0.000733989
3,81.186909,2.02E-31,0.000106,0.76,0.068,0.085,0.003947
4,81.880342,1.73E-32,0.000112,0.75,0.0689,0.091,0.000733989
3,81.889238,2.26E-31,0.000106,0.76,0.0681,0.086,0.003947
3,82.592918,2.51E-31,0.000113,0.76,0.0682,0.087,0.003947
4,82.628494,1.89E-32,0.000122,0.74,0.0691,0.092,0.000733989
3,83.297922,2.78E-31,0.000121,0.76,0.0683,0.088,0.003947
4,83.377252,2.06E-32,0.000107,0.74,0.0693,0.093,0.000733989
3,84.00422,3.07E-31,0.00011,0.75,0.0684,0.089,0.003947
4,84.126588,2.22E-32,0.0001,0.73,0.0696,0.094,0.000733989
3,84.711781,3.37E-31,0.000106,0.75,0.0685,0.09,0.003947
4,84.876474,2.39E-32,0.000092,0.73,0.07,0.095,0.000733989
3,85.420579,3.68E-31,0.000112,0.75,0.0687,0.091,0.003947
4,85.626882,2.55E-32,0.000094,0.73,0.0703,0.096,0.000733989
3,86.130589,4.00E-31,0.000122,0.74,0.0689,0.092,0.003947
4,86.37779,2.71E-32,0.000095,0.72,0.0708,0.097,0.000733989
3,86.841782,4.32E-31,0.000107,0.74,0.0692,0.093,0.003947
4,87.12917,2.87E-32,0.000103,0.71,0.0712,0.098,0.000733989
3,87.554133,4.65E-31,0.000099,0.73,0.0695,0.094,0.003947
4,87.880999,3.01E-32,0.000122,0.71,0.0718,0.098,0.000733989
3,88.26762,4.98E-31,0.000092,0.73,0.0698,0.095,0.003947
4,88.633255,3.15E-32,0.000118,0.7,0.0724,0.099,0.000733989
3,88.982216,5.31E-31,0.000094,0.73,0.0702,0.096,0.003947
4,89.385916,3.27E-32,0.000111,0.7,0.073,0.1,0.000733989
3,89.6979,5.62E-31,0.000095,0.72,0.0706,0.097,0.003947
4,90.13896,3.37E-32,0.00011,0.69,0.0737,0.101,0.000733989
3,90.41465,5.92E-31,0.000103,0.71,0.0711,0.097,0.003947
4,90.892368,3.45E-32,0.000093,0.69,0.0746,0.102,0.000733989
3,91.132444,6.20E-31,0.000122,0.71,0.0716,0.098,0.003947
4,91.646119,3.51E-32,0.000066,0.69,0.0755,0.102,0.000733989
3,91.851261,6.46E-31,0.000118,0.7,0.0722,0.099,0.003947
4,92.400197,3.54E-32,0.000052,0.69,0.0765,0.103,0.000733989
3,92.571082,6.68E-31,0.000111,0.7,0.0728,0.1,0.003947
4,93.154584,3.54E-32,0.000038,0.69,0.0775,0.104,0.000733989
3,93.291889,6.87E-31,0.00011,0.69,0.0736,0.101,0.003947
4,93.909262,3.51E-32,0.000041,0.69,0.0786,0.105,0.000733989
3,94.013663,7.01E-31,0.000093,0.69,0.0744,0.101,0.003947
4,94.664217,3.45E-32,0.000037,0.69,0.0796,0.107,0.000733989
3,94.736386,7.11E-31,0.000066,0.69,0.0753,0.102,0.003947
4,95.419433,3.35E-32,0.00002,0.7,0.0807,0.108,0.000733989
3,95.460043,7.16E-31,0.000051,0.69,0.0763,0.103,0.003947
4,96.174898,3.21E-32,-0.000016,0.7,0.0818,0.109,0.000733989
3,96.184617,7.14E-31,0.000038,0.69,0.0773,0.104,0.003947
3,96.910095,7.07E-31,0.000041,0.69,0.0784,0.105,0.003947
4,96.930599,3.04E-32,-0.000059,0.71,0.0829,0.11,0.000733989
3,97.636461,6.93E-31,0.000037,0.69,0.0794,0.106,0.003947
4,97.686524,2.83E-32,-0.000089,0.73,0.084,0.112,0.000733989
3,98.363704,6.71E-31,0.00002,0.7,0.0805,0.107,0.003947
4,98.44266,2.59E-32,-0.000112,0.74,0.0851,0.113,0.000733989
3,99.091809,6.43E-31,-0.000016,0.7,0.0816,0.109,0.003947
4,99.199,2.31E-32,-0.000118,0.75,0.0861,0.115,0.000733989
3,99.820768,6.08E-31,-0.000059,0.71,0.0828,0.11,0.003947
4,99.955534,1.99E-32,-0.00011,0.76,0.0869,0.116,0.000733989
3,100.550566,5.65E-31,-0.000089,0.73,0.0839,0.111,0.003947
4,100.712252,1.65E-32,-0.000065,0.77,0.0876,0.117,0.000733989
3,101.281197,5.16E-31,-0.000112,0.74,0.0849,0.113,0.003947
4,101.469149,1.27E-32,0.000027,0.78,0.0882,0.118,0.000733989
3,102.012649,4.59E-31,-0.000118,0.75,0.0859,0.114,0.003947
3,102.744916,3.96E-31,-0.000109,0.76,0.0867,0.116,0.003947
3,103.47799,3.26E-31,-0.000065,0.77,0.0874,0.117,0.003947
3,104.211863,2.51E-31,0.000027,0.78,0.088,0.118,0.003947
3,104.946531,1.72E-31,0.000078,0.78,0.0888,0.119,0.003947
3,105.681988,8.75E-32,0.000048,0.78,0.0922,0.125,0.003947
4,106.013988,1.39E-32,0.000006,0.78,0.0882,0.118,0.000733989
4,106.772009,1.85E-32,0.000098,0.77,0.0876,0.117,0.000733989
3,107.155255,9.00E-32,-0.000029,0.78,0.0922,0.125,0.003947
4,107.530183,2.31E-32,0.000161,0.76,0.0869,0.116,0.000733989
3,107.893059,1.82E-31,-0.000042,0.78,0.0888,0.119,0.003947
4,108.288513,2.76E-32,0.000175,0.75,0.086,0.115,0.000733989
3,108.631641,2.74E-31,0.000006,0.78,0.088,0.118,0.003947
4,109.047,3.19E-32,0.00018,0.74,0.0851,0.113,0.000733989
3,109.371,3.65E-31,0.000098,0.77,0.0874,0.117,0.003947
4,109.805646,3.59E-32,0.000172,0.73,0.084,0.112,0.000733989
3,110.111136,4.55E-31,0.000161,0.76,0.0867,0.116,0.003947
4,110.564457,3.97E-32,0.000149,0.71,0.0829,0.11,0.000733989
3,110.85205,5.43E-31,0.000175,0.75,0.0859,0.114,0.003947
4,111.323436,4.32E-32,0.000136,0.7,0.0818,0.109,0.000733989
3,111.593744,6.28E-31,0.00018,0.74,0.0849,0.113,0.003947
4,112.08259,4.64E-32,0.000123,0.7,0.0807,0.108,0.000733989
3,112.336221,7.08E-31,0.000171,0.73,0.0839,0.111,0.003947
4,112.841925,4.92E-32,0.000127,0.69,0.0796,0.107,0.000733989
3,113.079481,7.83E-31,0.000148,0.71,0.0827,0.11,0.003947
4,113.60145,5.16E-32,0.000158,0.69,0.0786,0.105,0.000733989
3,113.823533,8.52E-31,0.000136,0.7,0.0816,0.109,0.003947
4,114.361171,5.36E-32,0.000185,0.69,0.0775,0.104,0.000733989
3,114.568378,9.15E-31,0.000123,0.7,0.0805,0.107,0.003947
4,115.121099,5.52E-32,0.000199,0.69,0.0765,0.103,0.000733989
3,115.314025,9.71E-31,0.000126,0.69,0.0794,0.106,0.003947
4,115.881244,5.64E-32,0.000208,0.69,0.0755,0.102,0.000733989
3,116.060478,1.02E-30,0.000158,0.69,0.0784,0.105,0.003947
4,116.641618,5.72E-32,0.000189,0.69,0.0746,0.102,0.000733989
3,116.807746,1.06E-30,0.000185,0.69,0.0774,0.104,0.003947
4,117.402233,5.75E-32,0.000193,0.69,0.0737,0.101,0.000733989
3,117.555836,1.09E-30,0.000198,0.69,0.0763,0.103,0.003947
4,118.163101,5.75E-32,0.000168,0.7,0.073,0.1,0.000733989
3,118.30476,1.12E-30,0.000207,0.69,0.0753,0.102,0.003947
4,118.924238,5.71E-32,0.000154,0.7,0.0724,0.099,0.000733989
3,119.054524,1.13E-30,0.000189,0.69,0.0744,0.101,0.003947
4,119.685657,5.64E-32,0.000145,0.71,0.0718,0.098,0.000733989
3,119.80514,1.14E-30,0.000193,0.69,0.0736,0.101,0.003947
4,120.447375,5.53E-32,0.000157,0.71,0.0713,0.098,0.000733989
3,120.556621,1.14E-30,0.000168,0.7,0.0729,0.1,0.003947
4,121.209409,5.39E-32,0.000136,0.72,0.0708,0.097,0.000733989
3,121.261544,1.78E-32,0.000113,0.76,0.0679,0.084,0.003947
3,121.308979,1.14E-30,0.000154,0.7,0.0722,0.099,0.003947
3,121.330278,1.77E-32,0.000113,0.76,0.0679,0.084,0.003947
4,121.971777,5.23E-32,0.000139,0.73,0.0703,0.096,0.000733989
3,121.985591,1.98E-32,0.000106,0.76,0.068,0.085,0.003947
3,122.048129,1.97E-32,0.000106,0.76,0.068,0.085,0.003947
3,122.062226,1.12E-30,0.000145,0.71,0.0716,0.098,0.003947
3,122.710249,2.21E-32,0.000106,0.76,0.0681,0.086,0.003947
4,122.734496,5.04E-32,0.00014,0.73,0.07,0.095,0.000733989
3,122.7669,2.20E-32,0.000106,0.76,0.0681,0.086,0.003947
3,122.816376,1.10E-30,0.000156,0.71,0.0711,0.097,0.003947
3,123.435498,2.44E-32,0.000113,0.76,0.0682,0.087,0.003947
3,123.486565,2.43E-32,0.000113,0.76,0.0682,0.087,0.003947
4,123.497587,4.84E-32,0.000131,0.73,0.0696,0.094,0.000733989
3,123.571445,1.08E-30,0.000135,0.72,0.0706,0.097,0.003947
3,124.161319,2.69E-32,0.000121,0.76,0.0683,0.088,0.003947
3,124.207097,2.68E-32,0.000121,0.76,0.0683,0.088,0.003947
4,124.26107,4.62E-32,0.000107,0.74,0.0693,0.093,0.000733989
3,124.327448,1.05E-30,0.000139,0.73,0.0702,0.096,0.003947
3,124.887695,2.95E-32,0.00011,0.75,0.0684,0.089,0.003947
3,124.928472,2.94E-32,0.00011,0.75,0.0684,0.089,0.003947
4,125.024967,4.38E-32,0.000119,0.74,0.0691,0.092,0.000733989
3,125.084401,1.01E-30,0.00014,0.73,0.0698,0.095,0.003947
3,125.614607,3.22E-32,0.000106,0.75,0.0685,0.09,0.003947
3,125.650665,3.21E-32,0.000106,0.75,0.0685,0.09,0.003947
4,125.789299,4.14E-32,0.000117,0.75,0.0689,0.091,0.000733989
3,125.842323,9.72E-31,0.000131,0.73,0.0695,0.094,0.003947
3,126.342038,3.50E-32,0.000112,0.75,0.0687,0.091,0.003947
3,126.373652,3.49E-32,0.000112,0.75,0.0687,0.091,0.003947
4,126.554091,3.89E-32,0.000099,0.75,0.0687,0.09,0.000733989
3,126.601229,9.29E-31,0.000107,0.74,0.0692,0.093,0.003947
3,127.069972,3.78E-32,0.000122,0.74,0.0689,0.092,0.003947
3,127.097409,3.77E-32,0.000122,0.74,0.0689,0.092,0.003947
4,127.319366,3.64E-32,0.000112,0.75,0.0686,0.09,0.000733989
3,127.361141,8.84E-31,0.000119,0.74,0.0689,0.092,0.003947
3,127.798391,4.07E-32,0.000107,0.74,0.0692,0.093,0.003947
3,127.821914,4.06E-32,0.000107,0.74,0.0692,0.093,0.003947
4,128.085148,3.39E-32,0.000116,0.76,0.0684,0.089,0.000733989
3,128.122078,8.37E-31,0.000116,0.75,0.0687,0.091,0.003947
3,128.527278,4.36E-32,0.000099,0.73,0.0695,0.094,0.003947
3,128.547144,4.34E-32,0.000099,0.73,0.0695,0.094,0.003947
4,128.851465,3.14E-32,0.000125,0.76,0.0683,0.088,0.000733989
3,128.884058,7.89E-31,0.000098,0.75,0.0685,0.09,0.003947
3,129.256622,4.64E-32,0.000092,0.73,0.0698,0.095,0.003947
3,129.273079,4.63E-32,0.000092,0.73,0.0698,0.095,0.003947
4,129.618343,2.90E-32,0.000136,0.76,0.0682,0.087,0.000733989
3,129.647105,7.40E-31,0.000112,0.75,0.0684,0.089,0.003947
3,129.986403,4.92E-32,0.000094,0.73,0.0702,0.096,0.003947
3,129.999698,4.90E-32,0.000094,0.73,0.0702,0.096,0.003947
4,130.385809,2.66E-32,0.000144,0.76,0.0681,0.086,0.000733989
3,130.41124,6.91E-31,0.000116,0.76,0.0683,0.088,0.003947
3,130.71661,5.18E-32,0.000095,0.72,0.0706,0.097,0.003947
3,130.72698,5.17E-32,0.000095,0.72,0.0706,0.097,0.003947
4,131.153893,2.43E-32,0.000144,0.76,0.068,0.085,0.000733989
3,131.176486,6.42E-31,0.000124,0.76,0.0682,0.087,0.003947
3,131.447226,5.43E-32,0.000103,0.71,0.0711,0.097,0.003947
3,131.454908,5.42E-32,0.000103,0.71,0.0711,0.097,0.003947
4,131.922624,2.21E-32,0.000125,0.76,0.0679,0.084,0.000733989
3,131.942867,5.94E-31,0.000136,0.76,0.0681,0.086,0.003947
3,132.178239,5.66E-32,0.000122,0.71,0.0716,0.098,0.003947
3,132.183462,5.65E-32,0.000122,0.71,0.0716,0.098,0.003947
3,132.710407,5.47E-31,0.000143,0.76,0.068,0.085,0.003947
3,132.909637,5.86E-32,0.000118,0.7,0.0722,0.099,0.003947
3,132.912623,5.85E-32,0.000118,0.7,0.0722,0.099,0.003947
3,133.479131,5.01E-31,0.000144,0.76,0.0678,0.084,0.003947
3,133.641405,6.04E-32,0.000111,0.7,0.0728,0.1,0.003947
3,133.642376,6.03E-32,0.000111,0.7,0.0728,0.1,0.003947
3,134.249066,4.58E-31,0.000124,0.76,0.0678,0.083,0.003947
3,134.372703,6.16E-32,0.00011,0.69,0.0736,0.101,0.003947
3,134.373532,6.18E-32,0.00011,0.69,0.0736,0.101,0.003947
3,135.020237,4.16E-31,0.000119,0.76,0.0677,0.082,0.003947
3,135.103588,6.26E-32,0.000093,0.69,0.0744,0.101,0.003947
3,135.106005,6.27E-32,0.000093,0.69,0.0744,0.101,0.003947
3,135.792675,3.76E-31,0.000134,0.75,0.0676,0.081,0.003947
3,135.835017,6.32E-32,0.000066,0.69,0.0753,0.102,0.003947
3,135.838815,6.33E-32,0.000066,0.69,0.0753,0.102,0.003947
3,136.566404,3.39E-31,0.000131,0.75,0.0675,0.081,0.003947
3,136.566975,6.33E-32,0.000051,0.69,0.0763,0.103,0.003947
3,136.57195,6.34E-32,0.000051,0.69,0.0763,0.103,0.003947
3,137.299447,6.29E-32,0.000038,0.69,0.0773,0.104,0.003947
3,137.3054,6.29E-32,0.000038,0.69,0.0773,0.104,0.003947
3,137.341457,3.04E-31,0.000123,0.75,0.0675,0.08,0.003947
3,138.032423,6.19E-32,0.000041,0.69,0.0784,0.105,0.003947
3,138.039154,6.20E-32,0.000041,0.69,0.0784,0.105,0.003947
3,138.117863,2.72E-31,0.000121,0.75,0.0674,0.079,0.003947
3,138.765887,6.03E-32,0.000037,0.69,0.0794,0.106,0.003947
3,138.773204,6.04E-32,0.000037,0.69,0.0794,0.106,0.003947
3,138.895651,2.42E-31,0.000138,0.75,0.0673,0.078,0.003947
3,139.49983,5.82E-32,0.00002,0.7,0.0805,0.107,0.003947
3,139.507541,5.82E-32,0.00002,0.7,0.0805,0.107,0.003947
3,139.674854,2.14E-31,0.000126,0.75,0.0672,0.077,0.003947
3,140.234238,5.54E-32,-0.000016,0.7,0.0816,0.109,0.003947
3,140.242155,5.54E-32,-0.000016,0.7,0.0816,0.109,0.003947
3,140.455505,1.89E-31,0.000143,0.75,0.0672,0.076,0.003947
3,140.969104,5.20E-32,-0.000059,0.71,0.0828,0.11,0.003947
3,140.97704,5.21E-32,-0.000059,0.71,0.0828,0.11,0.003947
3,141.237635,1.66E-31,0.000124,0.74,0.067,0.076,0.003947
3,141.704418,4.80E-32,-0.000089,0.73,0.0839,0.111,0.003947
3,141.712187,4.80E-32,-0.000089,0.73,0.0839,0.111,0.003947
3,142.021279,1.45E-31,0.000127,0.74,0.0669,0.075,0.003947
3,142.440169,4.34E-32,-0.000112,0.74,0.0849,0.113,0.003947
3,142.447591,4.34E-32,-0.000112,0.74,0.0849,0.113,0.003947
3,142.806472,1.27E-31,0.000115,0.73,0.0668,0.074,0.003947
3,143.17635,3.82E-32,-0.000118,0.75,0.0859,0.114,0.003947
3,143.183244,3.82E-32,-0.000118,0.75,0.0859,0.114,0.003947
3,143.403162,2.58E-32,-0.000027,0.75,0.0674,0.079,0.003947
3,143.593249,1.10E-31,0.000122,0.73,0.0667,0.074,0.003947
3,143.879172,2.93E-32,-0.000024,0.75,0.0675,0.08,0.003947
3,143.912953,3.24E-32,-0.000109,0.76,0.0867,0.116,0.003947
3,143.91914,3.24E-32,-0.000109,0.76,0.0867,0.116,0.003947
3,144.360952,3.30E-32,-0.000029,0.75,0.0675,0.081,0.003947
3,144.381647,9.51E-32,0.000114,0.73,0.0666,0.073,0.003947
3,144.649973,2.60E-32,-0.000065,0.77,0.0874,0.117,0.003947
3,144.655274,2.60E-32,-0.000065,0.77,0.0874,0.117,0.003947
3,144.848535,3.71E-32,-0.000031,0.75,0.0676,0.081,0.003947
3,145.1717,8.19E-32,0.000103,0.73,0.0665,0.072,0.003947
3,145.341952,4.16E-32,-0.00003,0.76,0.0677,0.082,0.003947
3,145.841235,4.64E-32,-0.000034,0.76,0.0678,0.083,0.003947
3,145.963449,7.02E-32,0.000107,0.72,0.0664,0.072,0.003947
3,146.346415,5.15E-32,-0.000041,0.76,0.0679,0.084,0.003947
3,146.756931,6.00E-32,0.000114,0.72,0.0662,0.071,0.003947
3,146.857522,5.69E-32,-0.000048,0.76,0.068,0.085,0.003947
3,147.374583,6.27E-32,-0.000047,0.76,0.0681,0.086,0.003947
3,147.552185,5.11E-32,0.000125,0.72,0.0661,0.071,0.003947
3,147.897628,6.87E-32,-0.000041,0.76,0.0682,0.087,0.003947
3,148.34925,4.33E-32,0.000122,0.71,0.0659,0.07,0.003947
3,148.426683,7.50E-32,-0.000032,0.76,0.0683,0.088,0.003947
3,148.961775,8.15E-32,-0.000041,0.75,0.0684,0.089,0.003947
3,149.14817,3.65E-32,0.000128,0.71,0.0658,0.07,0.003947
3,149.50293,8.82E-32,-0.000045,0.75,0.0685,0.09,0.003947
3,149.948982,3.07E-32,0.000113,0.7,0.0656,0.07,0.003947
3,150.050173,9.50E-32,-0.00004,0.75,0.0687,0.091,0.003947
3,150.552396,2.82E-32,0.000098,0.77,0.0874,0.117,0.003947
3,150.560502,2.82E-32,0.000098,0.77,0.0874,0.117,0.003947
3,150.603527,1.02E-31,-0.000031,0.74,0.0689,0.092,0.003947
3,151.163015,1.09E-31,-0.000044,0.74,0.0692,0.093,0.003947
3,151.290499,3.59E-32,0.000161,0.76,0.0867,0.116,0.003947
3,151.301071,3.59E-32,0.000161,0.76,0.0867,0.116,0.003947
3,151.728661,1.16E-31,-0.00005,0.73,0.0695,0.094,0.003947
3,152.02881,4.32E-32,0.000175,0.75,0.0859,0.114,0.003947
3,152.042026,4.32E-32,0.000175,0.75,0.0859,0.114,0.003947
3,152.300486,1.22E-31,-0.000057,0.73,0.0698,0.095,0.003947
3,152.767329,5.02E-32,0.00018,0.74,0.0849,0.113,0.003947
3,152.783369,5.02E-32,0.00018,0.74,0.0849,0.113,0.003947
3,152.878508,1.29E-31,-0.000054,0.73,0.0702,0.096,0.003947
3,153.462749,1.34E-31,-0.000052,0.72,0.0706,0.097,0.003947
3,153.506057,5.66E-32,0.000171,0.73,0.0839,0.111,0.003947
3,153.525099,5.67E-32,0.000171,0.73,0.0839,0.111,0.003947
3,154.053227,1.40E-31,-0.000044,0.71,0.0711,0.097,0.003947
3,154.244994,6.26E-32,0.000148,0.71,0.0827,0.11,0.003947
3,154.267221,6.27E-32,0.000148,0.71,0.0827,0.11,0.003947
3,154.64996,1.45E-31,-0.000026,0.71,0.0716,0.098,0.003947
3,154.984141,6.81E-32,0.000136,0.7,0.0816,0.109,0.003947
3,155.009737,6.81E-32,0.000136,0.7,0.0816,0.109,0.003947
3,155.252965,1.49E-31,-0.00003,0.7,0.0722,0.099,0.003947
3,155.723499,7.30E-32,0.000123,0.7,0.0805,0.107,0.003947
3,155.75265,7.30E-32,0.000123,0.7,0.0805,0.107,0.003947
3,155.862258,1.53E-31,-0.000037,0.7,0.0728,0.1,0.003947
3,156.463072,7.73E-32,0.000126,0.69,0.0794,0.106,0.003947
3,156.477854,1.55E-31,-0.000038,0.69,0.0736,0.101,0.003947
3,156.495967,7.73E-32,0.000126,0.69,0.0794,0.106,0.003947
3,157.099766,1.57E-31,-0.000052,0.69,0.0744,0.101,0.003947
3,157.202861,8.10E-32,0.000158,0.69,0.0784,0.105,0.003947
3,157.239689,8.10E-32,0.000158,0.69,0.0784,0.105,0.003947
3,157.72801,1.57E-31,-0.000075,0.69,0.0753,0.102,0.003947
3,157.942869,8.40E-32,0.000185,0.69,0.0774,0.104,0.003947
3,157.983825,8.40E-32,0.000185,0.69,0.0774,0.104,0.003947
1,158.301811,1.12E-30,-0.00004,0.75,0.069,0.092,0.984204
1,158.335167,1.14E-30,-0.000031,0.74,0.0692,0.093,0.984204
3,158.362596,1.57E-31,-0.000085,0.69,0.0763,0.103,0.003947
3,158.6831,8.63E-32,0.000198,0.69,0.0763,0.103,0.003947
3,158.72838,8.64E-32,0.000198,0.69,0.0763,0.103,0.003947
3,159.003537,1.55E-31,-0.000093,0.69,0.0773,0.104,0.003947
1,159.400959,1.29E-30,-0.000044,0.74,0.0695,0.094,0.984204
3,159.423558,8.80E-32,0.000207,0.69,0.0753,0.102,0.003947
3,159.473362,8.81E-32,0.000207,0.69,0.0753,0.102,0.003947
1,159.52381,1.31E-30,-0.000051,0.73,0.0698,0.095,0.984204
3,159.650842,1.52E-31,-0.000085,0.69,0.0784,0.105,0.003947
3,160.164248,8.91E-32,0.000189,0.69,0.0744,0.101,0.003947
3,160.218779,8.91E-32,0.000189,0.69,0.0744,0.101,0.003947
3,160.304522,1.47E-31,-0.000082,0.69,0.0794,0.106,0.003947
1,160.532401,1.46E-30,-0.000057,0.73,0.0701,0.095,0.984204
1,160.739334,1.48E-30,-0.000054,0.73,0.0705,0.096,0.984204
3,160.905174,8.95E-32,0.000193,0.69,0.0736,0.101,0.003947
3,160.964586,1.42E-31,-0.000094,0.7,0.0805,0.107,0.003947
3,160.964639,8.95E-32,0.000193,0.69,0.0736,0.101,0.003947
3,161.631039,1.35E-31,-0.000123,0.7,0.0816,0.109,0.003947
3,161.646342,8.93E-32,0.000168,0.7,0.0729,0.1,0.003947
1,161.696304,1.62E-30,-0.000052,0.72,0.0709,0.097,0.984204
3,161.710951,8.93E-32,0.000168,0.7,0.0729,0.1,0.003947
1,161.981846,1.63E-30,-0.000044,0.71,0.0714,0.098,0.984204
3,162.30389,1.26E-31,-0.00016,0.71,0.0828,0.11,0.003947
3,162.387757,8.86E-32,0.000154,0.7,0.0722,0.099,0.003947
3,162.457726,8.86E-32,0.000154,0.7,0.0722,0.099,0.003947
1,162.892823,1.76E-30,-0.000026,0.71,0.0719,0.099,0.984204
3,162.983144,1.16E-31,-0.000186,0.73,0.0839,0.111,0.003947
3,163.129428,8.73E-32,0.000145,0.71,0.0716,0.098,0.003947
3,163.204973,8.73E-32,0.000145,0.71,0.0716,0.098,0.003947
1,163.251447,1.76E-30,-0.00003,0.7,0.0725,0.1,0.984204
3,163.668806,1.05E-31,-0.000206,0.74,0.0849,0.113,0.003947
3,163.871358,8.55E-32,0.000156,0.71,0.0711,0.097,0.003947
3,163.952706,8.55E-32,0.000156,0.71,0.0711,0.097,0.003947
1,164.122096,1.87E-30,-0.000037,0.7,0.0732,0.1,0.984204
3,164.36088,9.29E-32,-0.000209,0.75,0.0859,0.114,0.003947
1,164.548222,1.85E-30,-0.000038,0.69,0.0739,0.101,0.984204
3,164.613556,8.33E-32,0.000135,0.72,0.0706,0.097,0.003947
3,164.700935,8.33E-32,0.000135,0.72,0.0706,0.097,0.003947
3,165.059369,7.95E-32,-0.000197,0.76,0.0867,0.116,0.003947
3,165.356032,8.07E-32,0.000139,0.73,0.0702,0.096,0.003947
1,165.384245,1.94E-30,-0.000052,0.69,0.0747,0.102,0.984204
3,165.449673,8.07E-32,0.000139,0.73,0.0702,0.096,0.003947
3,165.764275,6.51E-32,-0.000151,0.77,0.0874,0.117,0.003947
1,165.87225,1.89E-30,-0.000075,0.69,0.0757,0.103,0.984204
3,166.09879,7.78E-32,0.00014,0.73,0.0698,0.095,0.003947
3,166.198934,7.77E-32,0.00014,0.73,0.0698,0.095,0.003947
3,166.475598,4.98E-32,-0.000058,0.78,0.088,0.118,0.003947
1,166.67938,1.95E-30,-0.000086,0.69,0.0767,0.104,0.984204
3,166.841843,7.45E-32,0.000131,0.73,0.0695,0.094,0.003947
3,166.948731,7.45E-32,0.000131,0.73,0.0695,0.094,0.003947
3,167.193339,3.37E-32,-0.000006,0.78,0.0888,0.119,0.003947
1,167.223596,1.88E-30,-0.000094,0.69,0.0777,0.105,0.984204
3,167.585197,7.11E-32,0.000107,0.74,0.0692,0.093,0.003947
3,167.69908,7.11E-32,0.000107,0.74,0.0692,0.093,0.003947
1,168.007595,1.89E-30,-0.000085,0.69,0.0787,0.106,0.984204
3,168.328864,6.75E-32,0.000119,0.74,0.0689,0.092,0.003947
3,168.449996,6.74E-32,0.000119,0.74,0.0689,0.092,0.003947
1,168.602317,1.80E-30,-0.000082,0.69,0.0798,0.107,0.984204
1,168.845719,1.42E-30,0.000014,0.72,0.0665,0.072,0.984204
3,169.072852,6.37E-32,0.000116,0.75,0.0687,0.091,0.003947
3,169.201494,6.37E-32,0.000116,0.75,0.0687,0.091,0.003947
1,169.368966,1.77E-30,-0.000094,0.7,0.0808,0.108,0.984204
1,169.618895,2.01E-30,0.000003,0.72,0.0667,0.073,0.984204
3,169.817173,5.99E-32,0.000098,0.75,0.0685,0.09,0.003947
3,169.953593,5.98E-32,0.000098,0.75,0.0685,0.09,0.003947
1,170.008456,1.65E-30,-0.000124,0.7,0.082,0.109,0.984204
3,170.12845,3.48E-32,-0.000126,0.78,0.0888,0.119,0.003947
1,170.418944,2.81E-30,-0.000008,0.73,0.067,0.074,0.984204
3,170.561839,5.60E-32,0.000112,0.75,0.0684,0.089,0.003947
3,170.706309,5.60E-32,0.000112,0.75,0.0684,0.089,0.003947
1,170.763555,1.57E-30,-0.000161,0.71,0.0831,0.111,0.984204
3,170.878247,5.22E-32,-0.000079,0.78,0.088,0.118,0.003947
1,171.246239,3.85E-30,-0.000014,0.74,0.0672,0.075,0.984204
3,171.30686,5.22E-32,0.000116,0.76,0.0683,0.088,0.003947
1,171.442046,1.43E-30,-0.000187,0.73,0.0842,0.112,0.984204
3,171.45966,5.21E-32,0.000116,0.76,0.0683,0.088,0.003947
3,171.634442,6.93E-32,0.000012,0.77,0.0874,0.117,0.003947
3,172.052248,4.83E-32,0.000124,0.76,0.0682,0.087,0.003947
1,172.101142,5.20E-30,-0.000019,0.74,0.0674,0.077,0.984204
1,172.191411,1.31E-30,-0.000206,0.74,0.0853,0.114,0.984204
3,172.213665,4.83E-32,0.000124,0.76,0.0682,0.087,0.003947
3,172.397028,8.59E-32,0.000073,0.76,0.0867,0.116,0.003947
3,172.798017,4.46E-32,0.000136,0.76,0.0681,0.086,0.003947
1,172.90311,1.13E-30,-0.00021,0.75,0.0863,0.115,0.984204
3,172.968345,4.45E-32,0.000136,0.76,0.0681,0.086,0.003947
1,172.984004,6.92E-30,-0.000024,0.75,0.0676,0.078,0.984204
3,173.165998,1.02E-31,0.000085,0.75,0.0859,0.114,0.003947
3,173.544178,4.10E-32,0.000143,0.76,0.068,0.085,0.003947
3,173.723718,4.09E-32,0.000143,0.76,0.068,0.085,0.003947
1,173.895162,9.04E-30,-0.000024,0.75,0.0678,0.08,0.984204
3,173.941343,1.17E-31,0.000087,0.74,0.0849,0.113,0.003947
3,174.290746,3.75E-32,0.000144,0.76,0.0678,0.084,0.003947
3,174.479806,3.74E-32,0.000144,0.76,0.0678,0.084,0.003947
3,174.723053,1.32E-31,0.000074,0.73,0.0839,0.111,0.003947
1,174.83494,1.16E-29,-0.000031,0.75,0.0679,0.082,0.984204
3,175.511118,1.45E-31,0.000048,0.71,0.0827,0.11,0.003947
1,175.803648,1.47E-29,-0.000034,0.76,0.0681,0.084,0.984204
3,176.305527,1.57E-31,0.000029,0.7,0.0816,0.109,0.003947
1,176.801585,1.83E-29,-0.000048,0.76,0.0683,0.086,0.984204
3,177.106266,1.68E-31,0.000009,0.7,0.0805,0.107,0.003947
1,177.829031,2.23E-29,-0.000041,0.76,0.0685,0.088,0.984204
3,177.913323,1.78E-31,0.000007,0.69,0.0794,0.106,0.003947
3,178.726683,1.86E-31,0.000033,0.69,0.0784,0.105,0.003947
1,178.886252,2.67E-29,-0.000041,0.75,0.0687,0.09,0.984204
3,179.546331,1.93E-31,0.000055,0.69,0.0774,0.104,0.003947
1,179.973503,3.14E-29,-0.00004,0.75,0.069,0.092,0.984204
3,180.372252,1.98E-31,0.000063,0.69,0.0763,0.103,0.003947
1,181.091019,3.63E-29,-0.000044,0.74,0.0695,0.094,0.984204
3,181.204427,2.02E-31,0.000066,0.69,0.0753,0.102,0.003947
1,181.429964,1.06E-30,0.000073,0.76,0.0871,0.116,0.984204
3,182.042839,2.04E-31,0.000045,0.69,0.0744,0.101,0.003947
1,182.239019,4.11E-29,-0.000057,0.73,0.0701,0.095,0.984204
1,182.284057,1.26E-30,0.000085,0.75,0.0862,0.115,0.984204
3,182.887468,2.05E-31,0.000045,0.69,0.0736,0.101,0.003947
1,183.069364,1.47E-30,0.000087,0.74,0.0853,0.114,0.984204
1,183.417707,4.56E-29,-0.000052,0.72,0.0709,0.097,0.984204
3,183.738296,2.05E-31,0.000021,0.7,0.0729,0.1,0.003947
1,183.961354,1.64E-30,0.000075,0.73,0.0842,0.112,0.984204
3,184.5953,2.03E-31,0.000007,0.7,0.0722,0.099,0.003947
1,184.627272,4.94E-29,-0.000026,0.71,0.0719,0.099,0.984204
1,184.736044,1.83E-30,0.000048,0.71,0.0831,0.111,0.984204
3,185.458459,2.01E-31,-0.000002,0.71,0.0716,0.098,0.003947
1,185.671696,1.96E-30,0.000029,0.7,0.082,0.109,0.984204
1,185.867883,5.24E-29,-0.000037,0.7,0.0732,0.1,0.984204
3,186.327751,1.97E-31,0.000008,0.71,0.0711,0.097,0.003947
1,186.429929,2.13E-30,0.000009,0.7,0.0809,0.108,0.984204
1,187.139691,5.41E-29,-0.000052,0.69,0.0747,0.102,0.984204
3,187.203153,1.92E-31,-0.000011,0.72,0.0706,0.097,0.003947
1,187.414982,2.21E-30,0.000008,0.69,0.0798,0.107,0.984204
3,188.08464,1.86E-31,-0.000009,0.73,0.0702,0.096,0.003947
1,188.150934,2.35E-30,0.000034,0.69,0.0787,0.106,0.984204
1,188.442833,5.43E-29,-0.000086,0.69,0.0767,0.104,0.984204
3,188.972185,1.80E-31,-0.000009,0.73,0.0698,0.095,0.003947
1,189.191099,2.39E-30,0.000055,0.69,0.0777,0.105,0.984204
1,189.777426,5.28E-29,-0.000085,0.69,0.0787,0.106,0.984204
3,189.865764,1.73E-31,-0.000019,0.73,0.0695,0.094,0.003947
1,189.898965,2.50E-30,0.000063,0.69,0.0767,0.104,0.984204
3,190.765349,1.65E-31,-0.000042,0.74,0.0692,0.093,0.003947
1,190.999917,2.49E-30,0.000066,0.69,0.0757,0.103,0.984204
1,191.143569,4.94E-29,-0.000094,0.7,0.0808,0.108,0.984204
3,191.670913,1.57E-31,-0.000032,0.74,0.0689,0.092,0.003947
1,191.673913,2.57E-30,0.000045,0.69,0.0747,0.102,0.984204
1,192.541344,4.41E-29,-0.000161,0.71,0.0831,0.111,0.984204
3,192.582426,1.49E-31,-0.000036,0.75,0.0687,0.091,0.003947
1,192.841291,2.52E-30,0.000045,0.69,0.0739,0.101,0.984204
1,193.47566,2.57E-30,0.000021,0.7,0.0732,0.1,0.984204
3,193.499859,1.40E-31,-0.000052,0.75,0.0685,0.09,0.003947
1,193.970812,3.68E-29,-0.000206,0.74,0.0853,0.114,0.984204
3,194.423182,1.31E-31,-0.000041,0.75,0.0684,0.089,0.003947
1,194.71506,2.48E-30,0.000007,0.7,0.0725,0.1,0.984204
1,195.304078,2.50E-30,-0.000003,0.71,0.0719,0.099,0.984204
3,195.352362,1.23E-31,-0.000038,0.76,0.0683,0.088,0.003947
1,195.432018,2.79E-29,-0.000198,0.76,0.0871,0.116,0.984204
3,196.287368,1.14E-31,-0.000029,0.76,0.0682,0.087,0.003947
1,196.621048,2.38E-30,0.000008,0.71,0.0714,0.098,0.984204
1,196.924989,1.75E-29,-0.000059,0.78,0.0884,0.119,0.984204
1,197.159027,2.37E-30,-0.000011,0.72,0.0709,0.097,0.984204
3,197.228168,1.06E-31,-0.000018,0.76,0.0681,0.086,0.003947
3,198.174726,9.73E-32,-0.000011,0.76,0.068,0.085,0.003947
1,198.44973,5.99E-30,-0.000029,0.78,0.0927,0.125,0.984204
1,198.559066,2.23E-30,-0.000009,0.73,0.0705,0.096,0.984204
1,199.040358,2.21E-30,-0.000009,0.73,0.0701,0.095,0.984204
3,199.127009,8.93E-32,-0.000011,0.76,0.0678,0.084,0.003947
3,200.084981,8.17E-32,-0.000029,0.76,0.0678,0.083,0.003947
1,200.528906,2.05E-30,-0.000019,0.73,0.0698,0.094,0.984204
1,200.796384,1.22E-29,-0.000127,0.78,0.0892,0.12,0.984204
1,200.947908,2.01E-30,-0.000042,0.74,0.0695,0.094,0.984204
3,201.048606,7.43E-32,-0.000034,0.76,0.0677,0.082,0.003947
3,202.017847,6.74E-32,-0.000022,0.75,0.0676,0.081,0.003947
1,202.400463,2.42E-29,0.000012,0.77,0.0878,0.118,0.984204
1,202.530349,1.84E-30,-0.000032,0.74,0.0692,0.093,0.984204
1,202.881508,1.79E-30,-0.000036,0.75,0.069,0.092,0.984204
3,202.992667,6.08E-32,-0.000024,0.75,0.0675,0.081,0.003947
3,203.973026,5.46E-32,-0.000032,0.75,0.0675,0.08,0.003947
1,204.03619,3.55E-29,0.000085,0.75,0.0862,0.115,0.984204
1,204.563159,1.62E-30,-0.000053,0.75,0.0688,0.091,0.984204
1,204.840976,1.56E-30,-0.000041,0.75,0.0687,0.09,0.984204
3,204.958885,4.89E-32,-0.000035,0.75,0.0674,0.079,0.003947
1,205.703491,4.56E-29,0.000075,0.73,0.0842,0.112,0.984204
1,206.627085,1.40E-30,-0.000038,0.76,0.0686,0.089,0.984204
1,206.826121,1.34E-30,-0.000029,0.76,0.0685,0.088,0.984204
1,207.402268,5.43E-29,0.000029,0.7,0.082,0.109,0.984204
1,208.721863,1.19E-30,-0.000018,0.76,0.0684,0.087,0.984204
1,208.836741,1.13E-30,-0.000011,0.76,0.0683,0.086,0.984204
1,209.132407,6.10E-29,0.000008,0.69,0.0798,0.107,0.984204
1,210.893778,6.58E-29,0.000055,0.69,0.0777,0.105,0.984204
1,212.686229,6.85E-29,0.000066,0.69,0.0757,0.103,0.984204
1,214.509593,6.91E-29,0.000045,0.69,0.0739,0.101,0.984204
1,216.363682,6.80E-29,0.000007,0.7,0.0725,0.1,0.984204
1,218.248294,6.52E-29,0.000008,0.71,0.0714,0.098,0.984204
1,220.163206,6.11E-29,-0.000009,0.73,0.0705,0.096,0.984204
1,222.108183,5.61E-29,-0.000019,0.73,0.0698,0.094,0.984204
1,224.082967,5.04E-29,-0.000032,0.74,0.0692,0.093,0.984204
1,226.087288,4.45E-29,-0.000053,0.75,0.0688,0.091,0.984204
1,228.120859,3.85E-29,-0.000038,0.76,0.0686,0.089,0.984204
1,230.183378,3.27E-29,-0.000018,0.76,0.0684,0.087,0.984204
1,232.274524,2.73E-29,-0.000011,0.76,0.0681,0.085,0.984204
1,234.393967,2.24E-29,-0.000034,0.76,0.068,0.083,0.984204
1,236.541358,1.80E-29,-0.000025,0.75,0.0678,0.081,0.984204
1,238.716336,1.43E-29,-0.000036,0.75,0.0677,0.079,0.984204
1,240.918525,1.11E-29,-0.000031,0.75,0.0675,0.078,0.984204
1,243.147537,8.51E-30,-0.000033,0.74,0.0673,0.076,0.984204
1,245.402972,6.42E-30,-0.000045,0.73,0.0671,0.075,0.984204
1,247.684416,4.76E-30,-0.000048,0.73,0.0669,0.073,0.984204
1,249.991444,3.47E-30,-0.000058,0.72,0.0666,0.072,0.984204
1,252.323621,2.49E-30,-0.000043,0.72,0.0664,0.071,0.984204
3,252.711858,7.81E-32,-0.000016,0.73,0.0668,0.074,0.003947
3,253.204171,9.08E-32,-0.000014,0.74,0.0669,0.075,0.003947
3,253.701807,1.05E-31,-0.000018,0.74,0.067,0.076,0.003947
3,254.204751,1.21E-31,-0.000019,0.74,0.0671,0.076,0.003947
1,254.680499,1.76E-30,-0.000044,0.71,0.066,0.07,0.984204
3,254.712985,1.39E-31,-0.00003,0.75,0.0672,0.077,0.003947
3,255.226494,1.59E-31,-0.000024,0.75,0.0673,0.078,0.003947
3,255.745262,1.81E-31,-0.000027,0.75,0.0674,0.079,0.003947
3,256.269275,2.06E-31,-0.000024,0.75,0.0675,0.08,0.003947
3,256.798519,2.32E-31,-0.000029,0.75,0.0675,0.081,0.003947
1,257.061623,1.22E-30,-0.000062,0.7,0.0657,0.07,0.984204
3,257.332979,2.61E-31,-0.000031,0.75,0.0676,0.081,0.003947
3,257.872641,2.93E-31,-0.00003,0.76,0.0677,0.082,0.003947
3,258.417493,3.27E-31,-0.000034,0.76,0.0678,0.083,0.003947
3,258.967522,3.63E-31,-0.000041,0.76,0.0679,0.084,0.003947
3,259.522716,4.01E-31,-0.000048,0.76,0.068,0.085,0.003947
3,260.083062,4.42E-31,-0.000047,0.76,0.0681,0.086,0.003947
3,260.648549,4.85E-31,-0.000041,0.76,0.0682,0.087,0.003947
3,261.219165,5.29E-31,-0.000032,0.76,0.0683,0.088,0.003947
3,261.7949,5.75E-31,-0.000041,0.75,0.0684,0.089,0.003947
3,262.375743,6.22E-31,-0.000045,0.75,0.0685,0.09,0.003947
3,262.961684,6.70E-31,-0.00004,0.75,0.0687,0.091,0.003947
3,263.552713,7.17E-31,-0.000031,0.74,0.0689,0.092,0.003947
3,264.148819,7.65E-31,-0.000044,0.74,0.0692,0.093,0.003947
3,264.749995,8.12E-31,-0.00005,0.73,0.0695,0.094,0.003947
3,265.356232,8.57E-31,-0.000057,0.73,0.0698,0.095,0.003947
3,265.967519,9.01E-31,-0.000054,0.73,0.0702,0.096,0.003947
3,266.583849,9.41E-31,-0.000052,0.72,0.0706,0.097,0.003947
3,267.205213,9.78E-31,-0.000044,0.71,0.0711,0.097,0.003947
3,267.831604,1.01E-30,-0.000026,0.71,0.0716,0.098,0.003947
3,268.463015,1.04E-30,-0.00003,0.7,0.0722,0.099,0.003947
3,269.099438,1.06E-30,-0.000037,0.7,0.0728,0.1,0.003947
3,269.740865,1.08E-30,-0.000038,0.69,0.0736,0.101,0.003947
3,270.38729,1.09E-30,-0.000052,0.69,0.0744,0.101,0.003947
3,271.038707,1.09E-30,-0.000075,0.69,0.0753,0.102,0.003947
3,271.695109,1.08E-30,-0.000085,0.69,0.0763,0.103,0.003947
3,272.35649,1.06E-30,-0.000093,0.69,0.0773,0.104,0.003947
3,273.022843,1.04E-30,-0.000085,0.69,0.0784,0.105,0.003947
3,273.694165,1.01E-30,-0.000082,0.69,0.0794,0.106,0.003947
3,274.370449,9.64E-31,-0.000094,0.7,0.0805,0.107,0.003947
3,275.051689,9.13E-31,-0.000123,0.7,0.0816,0.109,0.003947
3,275.737881,8.52E-31,-0.00016,0.71,0.0828,0.11,0.003947
3,276.429021,7.83E-31,-0.000186,0.73,0.0839,0.111,0.003947
3,277.125103,7.06E-31,-0.000206,0.74,0.0849,0.113,0.003947
3,277.826124,6.21E-31,-0.000209,0.75,0.0859,0.114,0.003947
4,278.421701,8.85E-32,-0.000047,0.76,0.0682,0.087,0.000733989
3,278.53208,5.30E-31,-0.000197,0.76,0.0867,0.116,0.003947
4,279.011028,9.73E-32,-0.000041,0.76,0.0683,0.087,0.000733989
3,279.242966,4.32E-31,-0.000151,0.77,0.0874,0.117,0.003947
4,279.60536,1.07E-31,-0.000032,0.76,0.0684,0.089,0.000733989
3,279.958778,3.29E-31,-0.000058,0.78,0.088,0.118,0.003947
4,280.204686,1.16E-31,-0.000041,0.75,0.0686,0.089,0.000733989
3,280.679514,2.22E-31,-0.000006,0.78,0.0888,0.119,0.003947
4,280.808999,1.26E-31,-0.000045,0.75,0.0687,0.09,0.000733989
3,281.405171,1.12E-31,-0.000029,0.78,0.0922,0.125,0.003947
4,281.418293,1.36E-31,-0.00004,0.75,0.0689,0.091,0.000733989
1,281.892376,1.41E-30,0.000047,0.67,0.0644,0.067,0.984204
4,282.032559,1.46E-31,-0.000031,0.74,0.0691,0.092,0.000733989
4,282.651791,1.56E-31,-0.000044,0.74,0.0693,0.093,0.000733989
1,282.810334,2.21E-30,0.000054,0.68,0.0648,0.068,0.984204
3,282.871231,1.13E-31,-0.000107,0.78,0.0922,0.125,0.003947
4,283.275979,1.66E-31,-0.00005,0.73,0.0696,0.094,0.000733989
3,283.61163,2.25E-31,-0.000126,0.78,0.0888,0.119,0.003947
1,283.7491,3.42E-30,0.000041,0.69,0.0651,0.069,0.984204
4,283.905121,1.76E-31,-0.000057,0.73,0.07,0.095,0.000733989
3,284.356938,3.35E-31,-0.000079,0.78,0.088,0.118,0.003947
4,284.539207,1.85E-31,-0.000054,0.73,0.0703,0.096,0.000733989
1,284.708548,5.21E-30,0.000025,0.69,0.0655,0.069,0.984204
3,285.107153,4.43E-31,0.000012,0.77,0.0874,0.117,0.003947
4,285.178232,1.94E-31,-0.000052,0.72,0.0708,0.097,0.000733989
1,285.688562,7.81E-30,0.000014,0.7,0.0658,0.07,0.984204
4,285.82219,2.02E-31,-0.000044,0.71,0.0712,0.098,0.000733989
3,285.862272,5.47E-31,0.000073,0.76,0.0867,0.116,0.003947
4,286.471075,2.09E-31,-0.000026,0.71,0.0718,0.098,0.000733989
3,286.622295,6.45E-31,0.000085,0.75,0.0859,0.114,0.003947
1,286.689035,1.15E-29,0.000017,0.71,0.0662,0.071,0.984204
4,287.12488,2.15E-31,-0.00003,0.7,0.0724,0.099,0.000733989
3,287.38722,7.38E-31,0.000087,0.74,0.0849,0.113,0.003947
1,287.709874,1.67E-29,0.000014,0.72,0.0665,0.072,0.984204
4,287.783601,2.20E-31,-0.000037,0.7,0.073,0.1,0.000733989
3,288.157044,8.24E-31,0.000074,0.73,0.0839,0.111,0.003947
4,288.447233,2.23E-31,-0.000038,0.69,0.0737,0.101,0.000733989
1,288.75099,2.38E-29,0.000003,0.72,0.0667,0.073,0.984204
3,288.931768,9.02E-31,0.000048,0.71,0.0827,0.11,0.003947
4,289.115771,2.25E-31,-0.000052,0.69,0.0746,0.102,0.000733989
3,289.71139,9.72E-31,0.000029,0.7,0.0816,0.109,0.003947
4,289.789208,2.26E-31,-0.000075,0.69,0.0755,0.102,0.000733989
1,289.812305,3.34E-29,-0.000008,0.73,0.067,0.074,0.984204
4,290.467539,2.25E-31,-0.000085,0.69,0.0765,0.103,0.000733989
3,290.495909,1.03E-30,0.000009,0.7,0.0805,0.107,0.003947
1,290.893747,4.61E-29,-0.000014,0.74,0.0672,0.075,0.984204
4,291.150761,2.22E-31,-0.000093,0.69,0.0775,0.104,0.000733989
3,291.285324,1.09E-30,0.000007,0.69,0.0794,0.106,0.003947
4,291.83887,2.17E-31,-0.000085,0.69,0.0786,0.105,0.000733989
1,291.995251,6.26E-29,-0.000019,0.74,0.0674,0.077,0.984204
3,292.079636,1.13E-30,0.000033,0.69,0.0784,0.105,0.003947
4,292.531859,2.10E-31,-0.000082,0.69,0.0796,0.107,0.000733989
3,292.878844,1.16E-30,0.000055,0.69,0.0774,0.104,0.003947
1,293.116761,8.36E-29,-0.000024,0.75,0.0676,0.078,0.984204
4,293.229726,2.02E-31,-0.000094,0.7,0.0807,0.108,0.000733989
3,293.682949,1.19E-30,0.000063,0.69,0.0763,0.103,0.003947
4,293.932465,1.91E-31,-0.000124,0.7,0.0818,0.109,0.000733989
1,294.258223,1.10E-28,-0.000024,0.75,0.0678,0.08,0.984204
3,294.491951,1.20E-30,0.000066,0.69,0.0753,0.102,0.003947
4,294.640072,1.78E-31,-0.000161,0.71,0.0829,0.11,0.000733989
3,295.30585,1.21E-30,0.000045,0.69,0.0744,0.101,0.003947
4,295.352545,1.64E-31,-0.000186,0.73,0.084,0.112,0.000733989
1,295.419589,1.42E-28,-0.000031,0.75,0.0679,0.082,0.984204
4,296.069878,1.48E-31,-0.000206,0.74,0.0851,0.113,0.000733989
3,296.124648,1.21E-30,0.000045,0.69,0.0736,0.101,0.003947
1,296.600818,1.79E-28,-0.000034,0.76,0.0681,0.084,0.984204
4,296.792069,1.30E-31,-0.000209,0.75,0.0861,0.115,0.000733989
3,296.948346,1.20E-30,0.000021,0.7,0.0729,0.1,0.003947
4,297.519113,1.11E-31,-0.000198,0.76,0.0869,0.116,0.000733989
3,297.776944,1.18E-30,0.000007,0.7,0.0722,0.099,0.003947
1,297.80187,2.23E-28,-0.000048,0.76,0.0683,0.086,0.984204
3,298.610445,1.15E-30,-0.000002,0.71,0.0716,0.098,0.003947
1,299.02271,2.73E-28,-0.000041,0.76,0.0685,0.088,0.984204
3,299.448851,1.12E-30,0.000008,0.71,0.0711,0.097,0.003947
1,300.263304,3.27E-28,-0.000041,0.75,0.0687,0.09,0.984204
3,300.292164,1.09E-30,-0.000011,0.72,0.0706,0.097,0.003947
3,301.140386,1.05E-30,-0.000009,0.73,0.0702,0.096,0.003947
1,301.523626,3.85E-28,-0.00004,0.75,0.069,0.092,0.984204
3,301.993519,1.00E-30,-0.000009,0.73,0.0698,0.095,0.003947
1,302.621038,1.13E-30,0.000003,0.73,0.0669,0.073,0.984204
1,302.803645,4.45E-28,-0.000044,0.74,0.0695,0.094,0.984204
3,302.851568,9.55E-31,-0.000019,0.73,0.0695,0.094,0.003947
1,303.691996,1.57E-30,-0.000016,0.73,0.0671,0.075,0.984204
3,303.714535,9.05E-31,-0.000042,0.74,0.0692,0.093,0.003947
1,304.103337,5.03E-28,-0.000057,0.73,0.0701,0.095,0.984204
1,304.370406,1.34E-30,-0.000008,0.73,0.067,0.074,0.984204
3,304.582424,8.54E-31,-0.000032,0.74,0.0689,0.092,0.003947
1,304.78289,2.15E-30,-0.000018,0.74,0.0673,0.076,0.984204
4,305.055767,1.14E-31,0.000073,0.76,0.0869,0.116,0.000733989
1,305.071342,1.00E-30,-0.000048,0.76,0.0683,0.086,0.984204
1,305.350538,1.85E-30,-0.000014,0.74,0.0672,0.075,0.984204
1,305.422677,5.57E-28,-0.000052,0.72,0.0709,0.097,0.984204
3,305.455239,8.02E-31,-0.000036,0.75,0.0687,0.091,0.003947
4,305.835989,1.35E-31,0.000085,0.75,0.086,0.115,0.000733989
1,305.893701,2.89E-30,-0.00003,0.75,0.0675,0.078,0.984204
3,306.332984,7.49E-31,-0.000052,0.75,0.0685,0.09,0.003947
1,306.340595,1.23E-30,-0.000041,0.76,0.0685,0.088,0.984204
1,306.354983,2.50E-30,-0.000019,0.74,0.0674,0.077,0.984204
4,306.621029,1.54E-31,0.000087,0.74,0.0851,0.113,0.000733989
1,306.761645,6.03E-28,-0.000026,0.71,0.0719,0.099,0.984204
1,307.024416,3.83E-30,-0.000027,0.75,0.0677,0.079,0.984204
3,307.215664,6.97E-31,-0.000041,0.75,0.0684,0.089,0.003947
1,307.383718,3.34E-30,-0.000024,0.75,0.0676,0.078,0.984204
4,307.410884,1.72E-31,0.000074,0.73,0.084,0.112,0.000733989
1,307.626493,1.47E-30,-0.000041,0.75,0.0687,0.09,0.984204
3,308.103283,6.45E-31,-0.000038,0.76,0.0683,0.088,0.003947
1,308.120215,6.37E-28,-0.000037,0.7,0.0732,0.1,0.984204
1,308.17502,4.97E-30,-0.000029,0.75,0.0678,0.081,0.984204
4,308.205554,1.88E-31,0.000048,0.71,0.0829,0.11,0.000733989
1,308.43672,4.38E-30,-0.000024,0.75,0.0678,0.08,0.984204
1,308.929066,1.73E-30,-0.00004,0.75,0.069,0.092,0.984204
3,308.995847,5.94E-31,-0.000029,0.76,0.0682,0.087,0.003947
4,309.005035,2.02E-31,0.000029,0.7,0.0818,0.109,0.000733989
1,309.3455,6.35E-30,-0.00003,0.76,0.068,0.083,0.984204
1,309.498367,6.56E-28,-0.000052,0.69,0.0747,0.102,0.984204
1,309.513969,5.65E-30,-0.000031,0.75,0.0679,0.082,0.984204
4,309.809325,2.15E-31,0.000009,0.7,0.0807,0.108,0.000733989
3,309.893362,5.45E-31,-0.000018,0.76,0.0681,0.086,0.003947
1,310.248338,1.99E-30,-0.000044,0.74,0.0695,0.094,0.984204
1,310.535843,7.98E-30,-0.000042,0.76,0.0682,0.085,0.984204
1,310.615449,7.15E-30,-0.000034,0.76,0.0681,0.084,0.984204
4,310.618424,2.26E-31,0.000007,0.69,0.0796,0.107,0.000733989
3,310.795833,4.98E-31,-0.000011,0.76,0.068,0.085,0.003947
1,310.89608,6.56E-28,-0.000086,0.69,0.0767,0.104,0.984204
4,311.432328,2.34E-31,0.000033,0.69,0.0786,0.105,0.000733989
1,311.584335,2.25E-30,-0.000057,0.73,0.0701,0.095,0.984204
3,311.703267,4.53E-31,-0.000011,0.76,0.0678,0.084,0.003947
1,311.74114,8.89E-30,-0.000048,0.76,0.0683,0.086,0.984204
1,311.746037,9.83E-30,-0.000048,0.76,0.0684,0.087,0.984204
4,312.251037,2.41E-31,0.000055,0.69,0.0775,0.104,0.000733989
1,312.313333,6.34E-28,-0.000085,0.69,0.0787,0.106,0.984204
3,312.61567,4.10E-31,-0.000029,0.76,0.0678,0.083,0.003947
1,312.891027,1.09E-29,-0.000041,0.76,0.0685,0.088,0.984204
1,312.937078,2.48E-30,-0.000052,0.72,0.0709,0.097,0.984204
1,312.97607,1.19E-29,-0.000033,0.76,0.0686,0.089,0.984204
4,313.07455,2.45E-31,0.000063,0.69,0.0765,0.103,0.000733989
3,313.53305,3.70E-31,-0.000034,0.76,0.0677,0.082,0.003947
1,313.750103,5.90E-28,-0.000094,0.7,0.0808,0.108,0.984204
4,313.902865,2.48E-31,0.000066,0.69,0.0755,0.102,0.000733989
1,314.065095,1.30E-29,-0.000041,0.75,0.0687,0.09,0.984204
1,314.22593,1.41E-29,-0.000045,0.75,0.0689,0.091,0.984204
1,314.306588,2.68E-30,-0.000026,0.71,0.0719,0.099,0.984204
3,314.455414,3.32E-31,-0.000022,0.75,0.0676,0.081,0.003947
4,314.73598,2.49E-31,0.000045,0.69,0.0746,0.102,0.000733989
1,315.206372,5.24E-28,-0.000161,0.71,0.0831,0.111,0.984204
1,315.263328,1.53E-29,-0.00004,0.75,0.069,0.092,0.984204
3,315.38277,2.97E-31,-0.000024,0.75,0.0675,0.081,0.003947
1,315.495604,1.65E-29,-0.000031,0.74,0.0692,0.093,0.984204
4,315.573895,2.48E-31,0.000045,0.69,0.0737,0.101,0.000733989
1,315.692881,2.83E-30,-0.000037,0.7,0.0732,0.1,0.984204
3,316.315126,2.64E-31,-0.000032,0.75,0.0675,0.08,0.003947
4,316.416609,2.45E-31,0.000021,0.7,0.073,0.1,0.000733989
1,316.48571,1.77E-29,-0.000044,0.74,0.0695,0.094,0.984204
1,316.682114,4.35E-28,-0.000206,0.74,0.0853,0.114,0.984204
1,316.785081,1.88E-29,-0.000051,0.73,0.0698,0.095,0.984204
1,317.095972,2.91E-30,-0.000052,0.69,0.0747,0.102,0.984204
3,317.25249,2.34E-31,-0.000035,0.75,0.0674,0.079,0.003947
4,317.264122,2.41E-31,0.000007,0.7,0.0724,0.099,0.000733989
1,317.732229,2.00E-29,-0.000057,0.73,0.0701,0.095,0.984204
1,318.094349,2.10E-29,-0.000054,0.73,0.0705,0.096,0.984204
4,318.116433,2.36E-31,-0.000003,0.71,0.0718,0.098,0.000733989
1,318.177307,3.27E-28,-0.000198,0.76,0.0871,0.116,0.984204
3,318.194873,2.07E-31,-0.00002,0.75,0.0673,0.078,0.003947
1,318.515869,2.91E-30,-0.000086,0.69,0.0767,0.104,0.984204
4,318.973541,2.29E-31,0.000008,0.71,0.0713,0.098,0.000733989
1,319.00287,2.21E-29,-0.000052,0.72,0.0709,0.097,0.984204
3,319.142285,1.82E-31,-0.000031,0.75,0.0672,0.077,0.003947
1,319.423392,2.30E-29,-0.000044,0.71,0.0714,0.098,0.984204
1,319.69193,2.03E-28,-0.000059,0.78,0.0884,0.119,0.984204
4,319.835447,2.21E-31,-0.000011,0.72,0.0708,0.097,0.000733989
1,319.952578,2.81E-30,-0.000085,0.69,0.0787,0.106,0.984204
3,320.094733,1.59E-31,-0.000016,0.75,0.0672,0.076,0.003947
1,320.297617,2.39E-29,-0.000026,0.71,0.0719,0.099,0.984204
4,320.702151,2.13E-31,-0.000009,0.73,0.0703,0.096,0.000733989
1,320.772199,2.46E-29,-0.00003,0.7,0.0725,0.1,0.984204
3,321.05223,1.39E-31,-0.000033,0.74,0.067,0.076,0.003947
1,321.225957,6.91E-29,-0.000029,0.78,0.0927,0.125,0.984204
1,321.406102,2.61E-30,-0.000094,0.7,0.0808,0.108,0.984204
4,321.573652,2.03E-31,-0.000009,0.73,0.07,0.095,0.000733989
1,321.616454,2.52E-29,-0.000037,0.7,0.0732,0.1,0.984204
3,322.014786,1.21E-31,-0.000032,0.74,0.0669,0.075,0.003947
1,322.140754,2.56E-29,-0.000038,0.69,0.0739,0.101,0.984204
4,322.449953,1.93E-31,-0.000019,0.73,0.0696,0.094,0.000733989
1,322.876437,2.32E-30,-0.000161,0.71,0.0831,0.111,0.984204
1,322.959366,2.59E-29,-0.000052,0.69,0.0747,0.102,0.984204
4,323.331051,1.83E-31,-0.000042,0.74,0.0693,0.093,0.000733989
1,323.529042,2.59E-29,-0.000075,0.69,0.0757,0.103,0.984204
1,323.563325,1.39E-28,-0.000127,0.78,0.0892,0.12,0.984204
4,324.216951,1.72E-31,-0.000032,0.74,0.0691,0.092,0.000733989
1,324.326338,2.58E-29,-0.000086,0.69,0.0767,0.104,0.984204
1,324.363577,1.92E-30,-0.000206,0.74,0.0853,0.114,0.984204
1,324.937048,2.55E-29,-0.000094,0.69,0.0777,0.105,0.984204
4,325.10765,1.61E-31,-0.000036,0.75,0.0689,0.091,0.000733989
1,325.145752,2.72E-28,0.000012,0.77,0.0878,0.118,0.984204
1,325.71735,2.50E-29,-0.000085,0.69,0.0787,0.106,0.984204
1,325.867508,1.44E-30,-0.000198,0.76,0.0871,0.116,0.984204
4,326.003153,1.50E-31,-0.000053,0.75,0.0687,0.09,0.000733989
1,326.364753,2.42E-29,-0.000082,0.69,0.0798,0.107,0.984204
1,326.747492,3.96E-28,0.000085,0.75,0.0862,0.115,0.984204
4,326.90346,1.39E-31,-0.000041,0.75,0.0686,0.09,0.000733989
1,327.132386,2.32E-29,-0.000094,0.7,0.0808,0.108,0.984204
4,327.808573,1.28E-31,-0.000038,0.76,0.0684,0.089,0.000733989
1,327.81214,2.19E-29,-0.000124,0.7,0.082,0.109,0.984204
1,327.874191,1.08E-30,-0.000041,0.75,0.0687,0.09,0.984204
1,328.368519,5.03E-28,0.000075,0.73,0.0842,0.112,0.984204
1,328.571425,2.04E-29,-0.000161,0.71,0.0831,0.111,0.984204
4,328.718495,1.18E-31,-0.000029,0.76,0.0683,0.088,0.000733989
1,329.118419,1.27E-30,-0.00004,0.75,0.069,0.092,0.984204
1,329.279189,1.87E-29,-0.000187,0.73,0.0842,0.112,0.984204
1,330.008802,5.91E-28,0.000029,0.7,0.082,0.109,0.984204
1,330.034448,1.68E-29,-0.000206,0.74,0.0853,0.114,0.984204
1,330.383773,1.47E-30,-0.000044,0.74,0.0695,0.094,0.984204
1,330.765879,1.47E-29,-0.00021,0.75,0.0863,0.115,0.984204
1,331.521433,1.24E-29,-0.000198,0.76,0.0871,0.116,0.984204
1,331.668314,6.57E-28,0.000008,0.69,0.0798,0.107,0.984204
1,331.670147,1.66E-30,-0.000057,0.73,0.0701,0.095,0.984204
1,332.27219,9.85E-30,-0.000152,0.77,0.0878,0.118,0.984204
2,332.649788,1.21E-30,-0.000024,0.75,0.0675,0.078,0.011057
1,332.842446,1.20E-30,0.000012,0.77,0.0878,0.118,0.984204
1,332.977451,1.84E-30,-0.000052,0.72,0.0709,0.097,0.984204
1,333.032357,7.11E-30,-0.000059,0.78,0.0884,0.119,0.984204
1,333.347025,6.99E-28,0.000055,0.69,0.0777,0.105,0.984204
1,333.798097,4.05E-30,-0.000006,0.78,0.0892,0.12,0.984204
2,333.79908,1.58E-30,-0.000024,0.75,0.0676,0.08,0.011057
1,334.164796,1.02E-30,-0.00003,0.7,0.0725,0.1,0.984204
1,334.305594,1.99E-30,-0.000026,0.71,0.0719,0.099,0.984204
1,334.438306,1.75E-30,0.000085,0.75,0.0862,0.115,0.984204
1,334.834588,1.05E-30,-0.000037,0.7,0.0732,0.1,0.984204
2,334.967044,2.03E-30,-0.000031,0.75,0.0677,0.082,0.011057
